"baseMean","log2FoldChange","lfcSE","stat","pvalue","padj","gene"
1113.80695090801,2.67990818524027,0.257070490308439,10.4247989803297,1.91062921517206e-25,2.69207656417744e-21,"MACIR"
48.1664376991732,3.88676129634865,0.37710122559511,10.3069442169404,6.55525603180103e-25,4.32771047813977e-21,"EPCAM"
265.183898944404,2.13227033730264,0.207537208598766,10.2741592782284,9.21442969085828e-25,4.32771047813977e-21,"SLC5A9"
1647.5332550235,2.23105402681522,0.217883499577907,10.239664917891,1.31691670681632e-24,4.6388390997605e-21,"GRB10"
78.6822637232477,2.19295737667765,0.217098412113623,10.1012133406573,5.45628696077805e-24,1.28131805462271e-20,"ARMC12"
1551.68925782082,3.67919073595002,0.363969697350088,10.1085083806061,5.06495225542646e-24,1.28131805462271e-20,"OLAH"
233.043502340977,2.45425653754149,0.245597949035194,9.99298466124322,1.6358071279593e-23,3.2926460618495e-20,"TMIGD3"
6438.54705871123,2.78520903623979,0.279302749714514,9.97200721828431,2.02102497858422e-23,3.55953024353146e-20,"ARG1"
593.663820812895,1.62343188931927,0.164140584743755,9.89049656337987,4.57751650731901e-23,6.03449061720288e-20,"PXYLP1"
495.488685879741,1.41232043299033,0.142963325333401,9.87890026827998,5.13938164701452e-23,6.03449061720288e-20,"SIRT5"
44.9780942444806,3.70279342798227,0.374647468783145,9.8834070333077,4.91333792521235e-23,6.03449061720288e-20,"WFDC1"
26.6574348862387,2.81313970446847,0.294550601760134,9.55061604918851,1.28927322824733e-21,1.29756141328606e-18,"GLDN"
22.0808905442082,3.43125465128095,0.360619640506442,9.51488567417518,1.81912809883326e-21,1.70876766083738e-18,"NNMT"
145.146659656541,2.45704238249358,0.258484228389188,9.50557950017018,1.98937239846915e-21,1.7518910684019e-18,"LHX4"
26928.973679917,2.61024593838759,0.275771406629727,9.4652522909756,2.92853242574745e-21,2.4272365811048e-18,"IL1R2"
2837.544218027,1.85831862833133,0.19656870458253,9.4537868185986,3.26789368978416e-21,2.55803456050327e-18,"ASPH"
74.4032022287606,2.47541394835376,0.26235486751087,9.43536505283705,3.89635093948632e-21,2.87761647534751e-18,"CYYR1"
486.947927656667,2.31706936415339,0.245701689560577,9.43041689415052,4.08462239226048e-21,2.87761647534751e-18,"ECHDC3"
97.1566226962416,2.59070542202008,0.276924788758397,9.35526730429447,8.33885914746058e-21,5.59497739941522e-18,"SLC51A"
2049.13189090026,1.15748160578983,0.124622307151366,9.28791668400067,1.5733767551951e-20,1.00767629457722e-17,"NUDT5"
79.3012759106879,2.66741347814261,0.287371792265975,9.2820991827681,1.66171872735134e-20,1.01798334210349e-17,"MYO1B"
505.026239550682,1.28143085644362,0.138254383055334,9.26864543549953,1.88524828537451e-20,1.06252593363707e-17,"PECR"
431.359411802025,1.2732609293032,0.137356020079467,9.26978612634934,1.8651954892437e-20,1.06252593363707e-17,"SDHAF3"
10.4641739196946,2.87329688997653,0.311750351241061,9.21665967187556,3.06499478159953e-20,1.66099140279759e-17,"ABCC11"
59.044143163409,2.39383915809214,0.261081520794608,9.16893371390835,4.7772086060702e-20,2.3213985282883e-17,"HROB"
1886.17872335967,1.41401144552192,0.154147759841908,9.1730911105819,4.59645675473833e-20,2.3213985282883e-17,"IRF2BPL"
1374.04488689264,1.5827175104872,0.172617693421872,9.16891819785292,4.77789619023142e-20,2.3213985282883e-17,"KBTBD7"
19.118781139691,-2.42314023442803,0.265896545169074,-9.11309409036225,8.00653211252467e-20,3.76040124884909e-17,"AXL"
513.10157973222,1.45101455298806,0.159403754155657,9.10276273400154,8.80626562046184e-20,4.00258976104217e-17,"RASGEF1A"
3190.43843974724,2.41519940417751,0.265938175520817,9.08180782788162,1.06786187111997e-19,4.70192930127514e-17,"PFKFB2"
911.329568396786,1.58514485779916,0.17491344698546,9.0624528023333,1.27549485400793e-19,5.44597651302172e-17,"ITPKC"
32.7918998128662,3.43815960169581,0.380349215330354,9.03948125332553,1.57417053846052e-19,6.16112857969685e-17,"KLF14"
112.548985673844,-1.91819168844298,0.212311043038719,-9.03481825998641,1.64275172344731e-19,6.25577615766827e-17,"SAMD4A"
580.797577786513,2.28096776216685,0.252629477604078,9.02890582603189,1.73396809305844e-19,6.42937116610352e-17,"DGKH"
1075.87072537221,1.74349661555336,0.193494958882828,9.01055317213273,2.05019718826431e-19,7.22181959566102e-17,"GADD45A"
14.9234943467872,2.65931739651251,0.295797387565024,8.99033429065673,2.46479587879704e-19,8.47048144689033e-17,"MINDY4B"
10435.5704677724,1.02890759399455,0.115161822463385,8.93445042797654,4.0920706080061e-19,1.37279225873347e-16,"APMAP"
314.956554364239,1.68542702672368,0.188833642325811,8.92545949950841,4.43852767935262e-19,1.45439197679252e-16,"ST6GALNAC3"
2137.24738938943,1.02575392182589,0.115070285069856,8.91415121812886,4.91567031850358e-19,1.52444199390696e-16,"CDC123"
84.4187503487779,-1.05469835695257,0.118302030920206,-8.91530220359415,4.86487663111339e-19,1.52444199390696e-16,"SEPTIN8"
87.6559911682484,1.68653664849078,0.18922678783075,8.91277956902837,4.97688656633928e-19,1.52444199390696e-16,"SYN2"
66.9106560405516,3.9588979816929,0.444885400299904,8.89869161591761,5.65088632666374e-19,1.69406358175941e-16,"PCSK9"
269.095246383966,-1.48763975102397,0.168830352775883,-8.8114472697855,1.23540391395499e-18,3.55241656073997e-16,"MYBL1"
1997.49092427725,1.45129715461816,0.16521080883785,8.78451697456777,1.57037866162064e-18,4.42532706844696e-16,"CSGALNACT1"
23279.7262805167,1.09585223071124,0.125483694348346,8.73302492727957,2.47950419011949e-18,6.69845325110742e-16,"PGD"
1130.32581026225,2.17194563669802,0.248756573233849,8.73120902279129,2.519645296726e-18,6.69845325110742e-16,"ZBTB16"
14.4535236777465,3.67855621036346,0.421652332547654,8.72414528845921,2.68198583025681e-18,6.99799636079971e-16,"SHROOM2"
25.1990553693835,2.80397202227483,0.321786713707028,8.71375946499678,2.93959766618905e-18,7.53071474847339e-16,"RHAG"
439.062464180296,1.61772147878217,0.18691102324308,8.6550351643964,4.92759717743094e-18,1.23981864696432e-15,"OSBPL1A"
598.922265488558,1.01684675415286,0.118119345610021,8.60863856721695,7.39333525118043e-18,1.79607058084711e-15,"SLC49A4"
5041.99942947989,1.42387055577721,0.165763378024986,8.58977762604828,8.71378085236722e-18,2.080969020506e-15,"KLHL2"
1363.67133867751,1.03197415143863,0.120193714781705,8.58592442469135,9.01088924604081e-18,2.11605715794525e-15,"TMCO3"
1707.83039180495,3.13657551299511,0.36711461641807,8.54385898223997,1.29812436213459e-17,2.95009230039942e-15,"DAAM2"
3237.47441264029,1.2423053530137,0.145397412772137,8.54420535639525,1.29423720911362e-17,2.95009230039942e-15,"NUDT16"
163.932079200829,-1.48713207066699,0.174506638085206,-8.52192264423131,1.56926192362149e-17,3.50966674663916e-15,"IKZF2"
59.8764393490085,-1.31429722015949,0.154401051990152,-8.51222969804194,1.7062015908885e-17,3.70560502980919e-15,"CACNA2D2"
535.923591339615,1.21405851645824,0.142741024131664,8.50532300607847,1.81090696275207e-17,3.86601198563282e-15,"ARHGAP24"
666.370218272305,1.35082489747211,0.159585992812072,8.4645580333785,2.57125866365676e-17,5.25058472042372e-15,"ARL4A"
26.4116415402794,2.34046554423076,0.276754012232788,8.45684413153911,2.74710718560781e-17,5.45165355566396e-15,"RLN3"
22120.2363183763,1.18553096381495,0.140314927376124,8.44907228321513,2.93626644820348e-17,5.66739647331329e-15,"PHC2"
349.119278594645,1.5354704580808,0.182079541981939,8.43296529289988,3.37014678247307e-17,6.33138242200607e-15,"KBTBD6"
11605.2776845583,1.18976389089974,0.141275694475795,8.42157524204267,3.71455645244936e-17,6.88659215986993e-15,"CD55"
346.471271700306,-1.26576668868195,0.15049764022024,-8.41054176550286,4.0812120607604e-17,7.46808804365117e-15,"GPR174"
33.8398155922107,-3.42497444724108,0.407778508315627,-8.39910485078848,4.49894970313895e-17,7.96357171073515e-15,"CCL2"
1774.90712846712,1.36301753874651,0.162320856119923,8.39705735496802,4.57806464563199e-17,7.96357171073515e-15,"ERLIN1"
816.480747636669,1.22630810461894,0.146017063601416,8.39838902641129,4.52645452193428e-17,7.96357171073515e-15,"SLC2A1"
1721.43910046421,1.28714081885299,0.15372952810638,8.37276244003232,5.62829957499121e-17,9.55454710983448e-15,"TMED8"
22.1371787445518,1.65606334027663,0.198274686926106,8.35236895819092,6.69072768800173e-17,1.10908650734052e-14,"CDHR2"
3802.4806668707,1.04734740958988,0.125773479439588,8.32725161342892,8.27407648076656e-17,1.29535264015557e-14,"ABHD5"
124.12384433994,-1.04716983729547,0.125809628356359,-8.32344750537954,8.54411249139635e-17,1.32292906597554e-14,"CRTAM"
3477.51159447266,1.46198513845166,0.175707572734761,8.32055850352338,8.75497852625084e-17,1.32642631650402e-14,"IRS2"
36.3340563444044,-1.99442731829103,0.240106670473855,-8.306421951356,9.86310526092328e-17,1.44761617840009e-14,"PDE9A"
43434.2406112465,1.20725410416694,0.145324261438796,8.30731284793337,9.78936067756529e-17,1.44761617840009e-14,"SMAP2"
142.735476278506,1.41242546723403,0.170279157790563,8.29476423046008,1.08800779627394e-16,1.58041544840204e-14,"ZNF443"
11142.3815312319,1.03446520647909,0.124823751471241,8.28740679787554,1.15744233768802e-16,1.664118626329e-14,"ERGIC1"
576.415705223149,-1.10485162184066,0.133380941412025,-8.28342947758693,1.19677857501121e-16,1.70329395170787e-14,"RASGRP1"
3038.87935045592,1.26385467038927,0.152935553382302,8.26396898849243,1.40907233974371e-16,1.98538292669889e-14,"SLC31A2"
1228.65718276338,2.30362651052476,0.278837328348991,8.26154275743725,1.43801620793443e-16,2.00610379898971e-14,"VSIG4"
25.4117677197652,-1.24482279266587,0.150790165825477,-8.25533141270376,1.51481308940955e-16,2.09252121860593e-14,"TLR3"
19065.9598474913,1.28853330069018,0.156551801809448,8.23071523800515,1.8609889025818e-16,2.47371072050732e-14,"HMGB2"
3518.26463509159,1.1324144187116,0.137675599383591,8.22523688861143,1.94805454487936e-16,2.56524191937852e-14,"MKNK1"
22.0313177299472,1.64698893858498,0.200367954102705,8.21982210658677,2.03805263640702e-16,2.65890385620137e-14,"SCRG1"
217.916206885237,1.10366646796819,0.134303742792793,8.21768958197208,2.07461120063479e-16,2.68176805660039e-14,"FKBP9"
26.7945760136652,2.86564661917336,0.349146354915898,8.20757994126457,2.25691193617031e-16,2.89089901642179e-14,"GYPA"
629.689135256916,-1.13086702755193,0.138010880070502,-8.1940425781955,2.52595644268501e-16,3.18199928897553e-14,"CD3G"
431.14184372802,1.16284251876565,0.142025243224101,8.18757632353286,2.66539200916254e-16,3.32348437248674e-14,"ROPN1L"
276.703507120286,2.16182255606161,0.264559297443172,8.17141025454219,3.0480520506316e-16,3.70233218908614e-14,"PRUNE2"
300.124043089895,-1.42692953188631,0.174603457130311,-8.17240136786842,3.02310827946875e-16,3.70233218908614e-14,"TGFBR3"
50686.2846522608,1.16191066857826,0.142248051258228,8.16820095812071,3.13022188506157e-16,3.76964327867671e-14,"TSC22D3"
1634.5538700925,1.33737966407438,0.163778450453784,8.16578530550799,3.19350807807808e-16,3.81326515424747e-14,"TOB1"
179.534388172487,-1.33012019545069,0.16324461548702,-8.14801879671464,3.69934863418487e-16,4.38015313072814e-14,"SYTL2"
1942.22957176293,1.8898828661219,0.232023957628719,8.14520571684265,3.78637629254162e-16,4.44583683015928e-14,"TPST1"
180.208016584211,-1.2807180894934,0.157684187426428,-8.12204514857237,4.58392729636496e-16,5.29406029555593e-14,"HEG1"
20486.4238228964,1.13144290591732,0.139490983647963,8.11122609023088,5.01115147929617e-16,5.74041661327505e-14,"PYGL"
152.003733189934,2.45040753055399,0.302951113226989,8.08845857819311,6.0424529128237e-16,6.65141887044422e-14,"AMPH"
6366.24702134738,2.81491778792396,0.347975948285004,8.08940331019215,5.99577287438999e-16,6.65141887044422e-14,"MMP8"
1560.36960903029,1.72871661335466,0.214584848012499,8.05609822578885,7.87683445999478e-16,8.60345717374624e-14,"IL1R1"
426.574633069493,-1.10088442226257,0.136921283138378,-8.0402724618785,8.96389342010844e-16,9.64131742666625e-14,"NFATC2"
62.5187509082808,2.70199811307938,0.336552870633211,8.028450650252,9.87113034340819e-16,1.04574606420016e-13,"SPTA1"
824.533228263495,1.62818863925859,0.202852686880897,8.02645833434075,1.00326885598633e-15,1.05492971498861e-13,"SAP30"
381.918492185165,-1.05953270501985,0.132321468972896,-8.00726226245927,1.17290187847561e-15,1.20629105603805e-13,"PRR5L"
21.5355913554018,2.77152046853045,0.348097510777467,7.9619083237347,1.69405976425463e-15,1.71721597685955e-13,"MEIKIN"
5047.74614678563,1.25448093434043,0.157926320230978,7.9434570026432,1.96622872404463e-15,1.97886876584206e-13,"AGFG1"
1089.64394788408,1.75105982322001,0.220532172456559,7.94015586802843,2.01927341217907e-15,2.01005236160568e-13,"PER1"
194.998221177379,1.35421100765354,0.17080219005259,7.92853421397339,2.2174756951008e-15,2.18491136671121e-13,"RAB36"
2789.02714673648,1.40301064579679,0.177065648744006,7.92367495191123,2.30591933604523e-15,2.24265371031316e-13,"UGCG"
175.390389722597,1.94974795558422,0.246164434571702,7.9205103652628,2.36537656503167e-15,2.28275039734905e-13,"IL1RL1"
17474.8206116104,1.72372341176052,0.217893586953327,7.91084967603817,2.55638062776733e-15,2.45029952688719e-13,"FKBP5"
2228.40677699152,1.09923500572158,0.13896873629484,7.90994460357908,2.57503453105877e-15,2.45150246909582e-13,"CEBPD"
9401.11660553291,1.88720832840941,0.238988329191571,7.89665476466274,2.86488469416533e-15,2.69108168938597e-13,"CD163"
26.6204533084336,2.16104516616691,0.273665348870408,7.89667078819781,2.86451657668605e-15,2.69108168938597e-13,"SH2D4A"
25.2887528894877,1.74259524000857,0.220822028084177,7.89140130233877,2.98812098842447e-15,2.78825329317224e-13,"SOX6"
810.37744432767,3.72200982389309,0.472122063187051,7.88357527451214,3.18144364278244e-15,2.92983927626174e-13,"MAOA"
92.597093007209,1.6028121595648,0.203574512812805,7.87334395361488,3.45285677696009e-15,3.15913973943946e-13,"TLCD4"
463.683376381304,-1.31760155195185,0.167377753077178,-7.87202317947422,3.48951487059975e-15,3.16689979857695e-13,"RORA"
1547.7096363142,2.42274039300876,0.307854221365244,7.86976505394211,3.5530787867016e-15,3.18871847800163e-13,"HPGD"
747.968555156144,2.18169274542423,0.277595740261001,7.85924432187956,3.86457789047148e-15,3.42464795451215e-13,"ZNF608"
463.15479687239,-1.15662709852303,0.147327802678217,-7.85070487373828,4.13705453115383e-15,3.61892313480809e-13,"CCR5"
404.18466336777,1.76576598263507,0.224942150766009,7.84986707303188,4.16478458651623e-15,3.61892313480809e-13,"LRRC70"
459.773258610741,-1.07029703980179,0.136503576727412,-7.8407985011198,4.47690343574366e-15,3.84631520790416e-13,"TMEM229B"
16785.9216320865,1.20224264962166,0.153458526721676,7.8343163804911,4.7140042027483e-15,4.00122404920022e-13,"GNG10"
928.117428878223,1.09690046943578,0.140063942398526,7.83142649458451,4.82365333796486e-15,4.06977697795957e-13,"PHTF1"
31.3812819210143,1.60042838248341,0.204551202919262,7.82409665473889,5.11315122528589e-15,4.28835123596894e-13,"P4HA2"
13443.9040209522,1.62753055987102,0.208368627098274,7.8108234552192,5.68155517445728e-15,4.73687055669249e-13,"IL18RAP"
2065.44204906284,1.4715555119576,0.188697023973483,7.79850938276794,6.26426964361731e-15,5.13160228363767e-13,"CA4"
22.5153218891686,-2.03713956073051,0.261294539363516,-7.79633422762203,6.37314496863454e-15,5.19061344555264e-13,"SLC4A10"
58.200781248946,1.91490577598283,0.245998610925934,7.78421377574109,7.01480596549625e-15,5.68038023297944e-13,"EFNA1"
855.169688081008,1.00184847668824,0.12903800808388,7.76397971082281,8.23050706631451e-15,6.62673397510694e-13,"TRIQK"
8.70796103958961,2.29878470287579,0.296633793800496,7.74957119154757,9.2203375949501e-15,7.33980546400265e-13,"SMIM34A"
800.356721663708,1.45971212778413,0.188484888847378,7.74445175266066,9.59951377603972e-15,7.59871624182021e-13,"PLIN5"
23.6189561964509,1.57025401435137,0.203191529394433,7.72795017110783,1.09292105487085e-14,8.55514314618352e-13,"NMNAT2"
2911.65324661303,1.19018858720892,0.154101747307632,7.72339449748713,1.13271909209656e-14,8.81768619206661e-13,"MTARC1"
8697.42235457948,1.46316725773759,0.18948007066542,7.72201135770746,1.14508187384267e-14,8.86494703430944e-13,"IRAK3"
2362.68612442309,1.96136214119626,0.254514115931935,7.70630003767957,1.29517921866448e-14,9.9179756472731e-13,"ORM1"
2822.26581596856,-1.31158713351199,0.170365672553862,-7.69865850233018,1.37502100074574e-14,1.04724572435176e-12,"CX3CR1"
22.5778360910457,1.72966454593385,0.225087389108844,7.68441338620461,1.53699619042923e-14,1.15239491703591e-12,"RSPH14"
345.058626300927,1.064935158302,0.138717871959993,7.67698598064664,1.62875248111223e-14,1.21423928353817e-12,"RNF175"
36.5135487826658,2.40175329417769,0.312997390198717,7.67339718919974,1.67499795485434e-14,1.24214322020514e-12,"FOXC1"
12306.9633555941,1.11930789101178,0.146147628840145,7.65874821161874,1.87754083945652e-14,1.37070209471204e-12,"SLC11A1"
14.484654569183,1.80548645791871,0.236518739694683,7.63358734385856,2.28309900128255e-14,1.63293730599346e-12,"SAMD15"
7.40770241441563,-2.28462614276919,0.299651026590771,-7.62428939010202,2.45382331113494e-14,1.7461803259541e-12,"RCAN2"
48.4527983161248,-1.59628160999339,0.209470726285636,-7.62054745452446,2.5260207788653e-14,1.78852426001065e-12,"KIAA1671"
34926.3100028619,1.17580237316335,0.154351971975978,7.6176699144883,2.58295786089666e-14,1.8196938130017e-12,"GCA"
62.9697845240662,-2.22839736158547,0.293490092342543,-7.59275157740121,3.13182627038209e-14,2.18452634404375e-12,"ZNF683"
493.296237037308,1.12822214330614,0.148631446398865,7.59073648707195,3.18092262699466e-14,2.20784235538693e-12,"TEX2"
8564.71555892534,1.0345348788686,0.136328130745267,7.58856498077899,3.23467742938706e-14,2.2341473029443e-12,"HRH2"
396.203313258839,-1.20780156010893,0.159670722483169,-7.56432701828754,3.89877778414513e-14,2.64104706627908e-12,"KLF12"
314.481724075791,-1.31934360742167,0.174540304753392,-7.55896243727641,4.06297202039064e-14,2.72606075082401e-12,"KLRG1"
1312.01639646454,1.14797094267512,0.151953154104612,7.55476876698982,4.19604643928559e-14,2.80200447059402e-12,"YOD1"
86.8609890427358,-1.23750080660983,0.163823940190726,-7.55384594686904,4.22589991189472e-14,2.80862876219795e-12,"HIVEP3"
725.49532726541,1.64050445172869,0.217250487381726,7.55121183616125,4.31226775800529e-14,2.85257524461477e-12,"FLT3"
550.198394242187,1.01400260625501,0.134305119035367,7.54999223810661,4.3528418283086e-14,2.85716751018446e-12,"C7orf25"
251.264544462192,1.29980890853442,0.172165017853248,7.54978522781185,4.3597658955973e-14,2.85716751018446e-12,"DACH1"
1259.06522074323,1.43445971552036,0.190191853734915,7.54217221900406,4.62206777763338e-14,3.00544946886272e-12,"KLF9"
427.979407716703,-1.10242719907371,0.146322225566498,-7.53424296825435,4.91175965738172e-14,3.14575879875039e-12,"SAMD3"
1458.59173804528,1.98849073528997,0.2640972276313,7.52938890394586,5.09783382926801e-14,3.25015740517585e-12,"TCN1"
279.749977699097,1.04087847767279,0.138372377089219,7.52229960609593,5.38210735239259e-14,3.41594110789241e-12,"KLF5"
221.225300055268,1.00337108171839,0.13370563811871,7.50432888123648,6.17441086508602e-14,3.8494446499585e-12,"SEC61A2"
4013.16144624324,1.19681519996094,0.159508708600374,7.50313390699807,6.23098406932101e-14,3.85072906874336e-12,"ETS2"
58.3536640015797,1.73748749861166,0.231568332794419,7.50313083678054,6.23113007575221e-14,3.85072906874336e-12,"TMEM45A"
227.120337974518,-1.13937230969902,0.15205835121466,-7.4929939763096,6.7319991664521e-14,4.12408122849174e-12,"ATP10A"
12.9158372667555,-1.59487495583339,0.213218737568343,-7.47999436645283,7.43257973602955e-14,4.51401071037312e-12,"KCNA6"
10170.1947841288,1.05109689387251,0.140573840003173,7.4771870345776,7.59303145415047e-14,4.59166580210215e-12,"DGAT2"
27.9836574692339,1.33419096996945,0.178572837003276,7.47141050318293,7.93397216173494e-14,4.75700713867427e-12,"TMC5"
69.5270761987903,1.59052062047827,0.213918787843789,7.43516096229809,1.04440708208986e-13,5.90991798660484e-12,"SEC14L2"
5352.39279794658,1.31758243106328,0.177449855345617,7.42509723942594,1.12697089873101e-13,6.32630277415135e-12,"IDI1"
210.530395938654,1.54208622483683,0.208010731361538,7.41349359594609,1.23014985686909e-13,6.82394152885255e-12,"MFGE8"
1630.30018271307,1.24330149637176,0.167728488471243,7.41258391883093,1.23862027053444e-13,6.84398416150204e-12,"KLHL8"
6397.34433919573,1.36382685733062,0.184590615992891,7.38838672808338,1.48620954160139e-13,8.09112184980887e-12,"GYG1"
447.689001088237,1.11701195091247,0.151186813863435,7.38828950996646,1.48729635138431e-13,8.09112184980887e-12,"PIAS2"
1775.24987217034,1.08802574539124,0.147646090783939,7.36914698936001,1.71723241576787e-13,9.27042327132922e-12,"GPR160"
92.3032115065484,1.7405125428455,0.236329972281065,7.36475583712896,1.77471389256527e-13,9.50787785028315e-12,"INHBB"
116.307949038574,-1.01158571082706,0.137784090606583,-7.34181795861651,2.1071187048487e-13,1.10780979669097e-11,"GPR68"
86.136030790479,-1.23001335327019,0.167725817654854,-7.33347656591131,2.24257710243488e-13,1.16597458942094e-11,"PTCH1"
73.3390653832022,-1.18010402730203,0.161067600959136,-7.32676230523501,2.35779466118819e-13,1.21980725607198e-11,"KIF21A"
7341.8776506501,1.24738744931799,0.17025828036979,7.32644219481571,2.36343066648438e-13,1.21980725607198e-11,"LRG1"
252.014963972475,-1.10460387097585,0.150787153952562,-7.32558339368461,2.37861655862517e-13,1.22316450040251e-11,"BCL9L"
358.119413872935,1.57519075640716,0.21522965759635,7.31865103535746,2.50476004219188e-13,1.2649487094797e-11,"TMCC2"
589.037485703473,1.19516005005198,0.164350295869415,7.2720285882637,3.54128622846404e-13,1.71466401921163e-11,"TPK1"
85.788078608907,-1.04122656352146,0.143270796845473,-7.26754220990682,3.660869652814e-13,1.75938429779094e-11,"PCNX2"
106.092800295555,1.00914225347564,0.138847315055106,7.26799976704719,3.64849420824275e-13,1.75938429779094e-11,"TMEM169"
15.8461718394581,-1.97080906969069,0.271500877523444,-7.25894180404819,3.9013026674632e-13,1.8570727900188e-11,"P2RY6"
1228.4628626059,1.32346509794164,0.182345953533405,7.25798994875524,3.92884739416681e-13,1.86388753480843e-11,"C3orf86"
406.326885175853,1.05741151175381,0.145958429845139,7.2446073370049,4.33693830335479e-13,2.03014819582289e-11,"RAB13"
320.484769939267,-1.03813458464808,0.143530906276212,-7.23282958062205,4.7303285647693e-13,2.19968084084487e-11,"PYHIN1"
3041.95158953316,1.81884870210936,0.251596049835495,7.22924188713858,4.85697674179064e-13,2.25114481223125e-11,"CD24"
1683.02218564785,1.05574735013875,0.146258342363483,7.21837355106212,5.26130270188753e-13,2.39134693772888e-11,"TSPAN2"
154.183602623739,2.02564765643328,0.280706472242807,7.21624848992125,5.34413647451855e-13,2.42118594617255e-11,"ORM2"
210.378380748204,-1.01296189477019,0.140469856005766,-7.21124035841973,5.54444859981551e-13,2.4721924294747e-11,"ZNF831"
23.7079786844091,2.79726268221213,0.388126058114243,7.2070983736649,5.71567127455187e-13,2.54049868323142e-11,"TIMP4"
1553.34608074969,1.12712021346202,0.156729515921438,7.1914993601269,6.4083634692021e-13,2.83052793984506e-11,"SLC37A3"
2844.8875326225,1.01292846781597,0.140931661951304,7.18737332542039,6.6049632659529e-13,2.90824788803989e-11,"NQO2"
163.295532680164,-1.13944645988406,0.158559690932558,-7.18623032866984,6.66046481353396e-13,2.92354982002160e-11,"BICDL1"
67.6273010987652,-1.09957686975765,0.153166919594672,-7.17894485746319,7.02514712315813e-13,3.07404729705895e-11,"JAKMIP2"
35.5488193633808,1.12348216370621,0.156668276632125,7.17108905425876,7.4403482397106e-13,3.2456503621524e-11,"ARMH2"
642.405046409737,-1.16016646259486,0.161972355692082,-7.16274365238225,7.90781428282066e-13,3.41782525291237e-11,"TARP"
254.559549867994,-1.1580687613793,0.16200766914515,-7.14823420082498,8.79012523506808e-13,3.76452475872673e-11,"THEMIS"
615.984068877706,-1.04100338451407,0.145669304365272,-7.1463469194835,8.91176676781325e-13,3.79355872382141e-11,"BCL2"
74.4506269484414,1.09512263757713,0.153421340218855,7.13800724211466,9.46936438323381e-13,3.95914967833129e-11,"RAB19"
49063.4237464536,1.60945751966746,0.225792865355106,7.12802646415004,1.01818204200986e-12,4.24443342364464e-11,"S100A12"
47.3698487744874,1.05210670193155,0.148015613309117,7.1080791979311,1.17669036125009e-12,4.80567164927936e-11,"TBC1D16"
2754.33276074416,1.26539950363784,0.178590599543078,7.08547654174044,1.38566641688863e-12,5.49972952505939e-11,"RGL4"
2458.58554088469,-1.1794126918092,0.166574628845534,-7.08038613072872,1.43753344373824e-12,5.64201844631528e-11,"CD3E"
1029.60521211669,1.14675742873572,0.162033368895541,7.07729177361613,1.4699882669477e-12,5.75337074480362e-11,"ZNF354A"
588.668074679557,1.45559356637114,0.205852627500831,7.07104681656427,1.5376924601268e-12,5.95222163823808e-11,"NSUN7"
10245.2641982533,1.63810920318338,0.231869238585475,7.064797440043,1.60850453409746e-12,6.19230297416207e-11,"MCEMP1"
4545.60535079727,1.17357365452556,0.166395731806695,7.05290719769738,1.75217718258629e-12,6.6544950141889e-11,"SORT1"
116.750417340306,1.15336380751464,0.163647443658653,7.04785716005685,1.81694007448045e-12,6.8634545977023e-11,"NEO1"
28.0466635452633,-2.00376508772907,0.284355895596508,-7.04668030014175,1.83236653263269e-12,6.90322043978465e-11,"TMEM255A"
479.050427927916,-1.14832845616408,0.163193389356399,-7.03661135229099,1.96971252561029e-12,7.32359996380526e-11,"BCL11B"
101.12072732122,-1.15936811365816,0.164788777347617,-7.03547979613022,1.98576491176659e-12,7.36300726494505e-11,"ABCD2"
106.658708761727,1.35791412845846,0.193078425429214,7.03296665818469,2.02187695677585e-12,7.45765610496642e-11,"PDE2A"
1103.83931485921,-1.32235386327688,0.188040974622594,-7.03226446220509,2.03208164464161e-12,7.47037440542614e-11,"CD6"
104.604717134706,1.29678733445054,0.18473001351703,7.01990602263982,2.22017526335616e-12,8.08327376245177e-11,"TAFA2"
43.0371516233033,2.27306742023055,0.323847709859927,7.01893930703947,2.23558860441971e-12,8.11841325677158e-11,"CD163L1"
229.007637611642,2.59934835369503,0.370453380436763,7.01666792898584,2.27221770579869e-12,8.20911473710347e-11,"ELANE"
486.914632402677,1.39261961519588,0.198520724017881,7.01498355945169,2.29975996042149e-12,8.26992356675073e-11,"VWA8"
671.493445254557,1.37024247135779,0.195436917428121,7.01117521392419,2.36324552108575e-12,8.44448898306458e-11,"BCAT1"
5270.07422051416,1.06483437952183,0.151881969888154,7.01093342617277,2.36733367516715e-12,8.44448898306458e-11,"SRPK1"
309.478926798209,-1.09767836234536,0.157011382262339,-6.99107508340594,2.72787712760963e-12,9.60894718200491e-11,"TIGIT"
166.952567078096,-1.06401123019565,0.152588062593337,-6.97309613944937,3.10040592068696e-12,1.07070390741371e-10,"NCALD"
13501.2000735751,1.21838016804942,0.17540406365906,6.94613421509797,3.75431614243918e-12,1.27159409728289e-10,"CLEC4E"
1529.79374993243,-1.09290804595534,0.157353315941578,-6.94556730130247,3.76942469525907e-12,1.27364973516068e-10,"CD2"
1480.1060440933,-1.1366390649633,0.163697279616472,-6.94354278596655,3.82386723251418e-12,1.28587802639916e-10,"KLRK1"
34.2977836211967,-1.33872342953918,0.192818151042207,-6.9429326145034,3.84042640770602e-12,1.28837162106138e-10,"ZNF208"
37.8726654570672,-1.03535273058672,0.149283998816481,-6.93545683927923,4.04910508824831e-12,1.34687395204696e-10,"MYO6"
9.43520827127615,-1.08666537129741,0.156717019656848,-6.93393336394986,4.09297507297234e-12,1.35058591986371e-10,"TNIP3"
149.847983540219,-1.14078432515796,0.164543270229379,-6.93303544756142,4.11904936941812e-12,1.35285327774129e-10,"SBK1"
883.933380355288,-1.02844673019281,0.148675070126394,-6.91741210761488,4.59968577026442e-12,1.49330812218953e-10,"PLCG1"
171.191409488283,-1.29189290960565,0.186903789179395,-6.91207447038786,4.77616991606609e-12,1.54349160819659e-10,"GOLGA7B"
40.3205593025689,1.17530387815968,0.170133697497404,6.90811929351981,4.91120924968392e-12,1.57988443671339e-10,"PKP2"
5671.34721613092,1.46670727550229,0.212351141988949,6.90699028865415,4.95043809174978e-12,1.58887637158894e-10,"SAMSN1"
22.1677135943607,1.93655331059704,0.280516444539949,6.90352864614772,5.07264213148043e-12,1.62071491230293e-10,"RAB3IL1"
5958.70141689067,1.35317019226953,0.196029354949092,6.90289570468129,5.0953040074854e-12,1.62427225034998e-10,"CSGALNACT2"
291.881183137295,-1.04515880042274,0.151492084860519,-6.89909840098264,5.23336131565845e-12,1.66451604825344e-10,"TIAM1"
915.554432391156,-1.10626234506843,0.160360257085016,-6.89860670703427,5.25150365033201e-12,1.66652446921572e-10,"IL2RB"
153.03515149416,1.6492701543506,0.239163253100769,6.89600150929415,5.34866272047718e-12,1.69354287037131e-10,"BCL2L15"
153.045234481407,1.77436892318288,0.257327803383077,6.89536420027426,5.37269766782545e-12,1.69733879236907e-10,"CBS"
4490.90236129291,1.05105271609207,0.152941227860478,6.87226544990801,6.31902262110484e-12,1.95681381827181e-10,"ARHGEF40"
10.9895161483473,3.26327126687369,0.475575750135245,6.86172763423215,6.80326852145796e-12,2.08387072755093e-10,"ADAMTS3"
22646.2340660662,1.02135511577791,0.148943389081301,6.85733769103643,7.01556607723406e-12,2.1257919575963e-10,"ALOX5AP"
62.1164139514699,-1.31265885580564,0.191473785317444,-6.85555390065216,7.10367307127719e-12,2.13869131569008e-10,"PDGFRB"
956.080056757186,1.22413784517075,0.178795978563189,6.84656251783717,7.56455959439248e-12,2.24388725652611e-10,"PLIN4"
1340.7077871864,1.99534751233063,0.291688161350036,6.84068733916197,7.88141041815958e-12,2.32320235966252e-10,"RETN"
1783.75322592376,1.27318894596686,0.186172378218309,6.83876393561396,7.98793861624911e-12,2.3496879979739e-10,"SLC8A1"
65.2116761406309,-1.67805250047825,0.245441912062123,-6.83686207616212,8.09466040827618e-12,2.37118014870294e-10,"FCGBP"
104.271069713042,1.47051229267289,0.215111015586647,6.83606224749828,8.13995854016146e-12,2.37950240313019e-10,"SH3PXD2B"
34.902680569052,1.55654675093475,0.228022631272382,6.82628185741526,8.71436388619947e-12,2.52126051656161e-10,"KEL"
18603.9582431844,1.00780276112132,0.147651525195832,6.82554927749417,8.75895284549927e-12,2.52896814739928e-10,"SERPINB1"
168.642384261373,-1.07521347506407,0.158019942398262,-6.80428975448039,1.01548970482267e-11,2.89055554362654e-10,"CD83"
471.476636203707,1.15176840684365,0.169383145985032,6.79978164383268,1.04777837230407e-11,2.95855656628545e-10,"HS3ST3B1"
187.28416330293,1.01314904378283,0.149071229961812,6.79640896531392,1.0725902742702e-11,3.01051732359903e-10,"PDSS1"
122.086588566166,-1.25771174748213,0.185131500327713,-6.79361289275881,1.09359586013464e-11,3.05124072659349e-10,"GATA3"
8359.41270600312,1.17766923122329,0.173367336804701,6.79291297270106,1.09891677790441e-11,3.05399159776589e-10,"STOM"
46.5641718101464,1.96593257403247,0.289424689763729,6.79255310124841,1.10166244885298e-11,3.05559525675956e-10,"SEMA6B"
3287.70812850784,1.06563186298229,0.15730917601773,6.77412398919558,1.25162299948e-11,3.40451120901026e-10,"MANSC1"
3040.01789063326,1.15327098218178,0.170331464014944,6.77074543362462,1.28120536194217e-11,3.46491047020446e-10,"CEACAM4"
32.3282847933027,1.11037450730875,0.164092471165614,6.76676083565153,1.31697506461574e-11,3.54125546954882e-10,"SRGAP1"
479677.460620905,1.23410503910066,0.1828058144695,6.75090692646736,1.46923831805773e-11,3.89860035808538e-10,"S100A8"
84.3684006387497,-1.27548378227535,0.189048934239591,-6.74684460616355,1.5109494297226e-11,3.97188012402824e-10,"PLXDC1"
1708.53988836783,-1.18522576042175,0.175715756068826,-6.74513081204571,1.52889215447458e-11,4.00607363369291e-10,"CD3D"
49.594168116549,1.67490545706548,0.248454280245691,6.74130248595114,1.56973019840309e-11,4.10343200287561e-10,"MRC1"
1644.62971851676,-1.03807610950089,0.154135422630492,-6.73483156425022,1.64119943323191e-11,4.24302752554818e-10,"EVL"
717.504874261581,1.1986514923333,0.178521417533662,6.71432878414871,1.88933873427123e-11,4.79653743529398e-10,"KIF27"
40.4559629710957,-1.25495241742165,0.186943112582533,-6.71301766663161,1.90640021917714e-11,4.82247380398671e-10,"ENPP5"
606.65924794779,1.2000360937596,0.178786158667875,6.71213086460942,1.91802554474973e-11,4.84287293746919e-10,"CDCA7L"
269.731342931776,-1.13955980215876,0.169915289518825,-6.70663484955254,1.99163799707139e-11,4.98440131061029e-10,"EOMES"
19.8058611139911,-1.17168380222462,0.175010758762664,-6.69492441783857,2.15783131792778e-11,5.35278930802859e-10,"BFSP1"
89.0395322884001,-1.41021582067999,0.210659732048163,-6.69428279894313,2.16731929962109e-11,5.36687678939562e-10,"NSG1"
37.5404135672291,1.06380626418818,0.159003335755193,6.69046507191559,2.22462453818284e-11,5.48213349952647e-10,"APBB2"
501.128967796722,1.05864930004983,0.158315722387919,6.68694987510992,2.2786988297215e-11,5.58349182384972e-10,"STS"
384.411239568593,-1.39171875258386,0.208643073523827,-6.67033287555997,2.5522386533894e-11,6.16827489301144e-10,"FCRL6"
8.62724989186239,-1.97519351033799,0.296556652513839,-6.66042556656462,2.73035820409639e-11,6.54264406389765e-10,"LIF"
31.0522529726748,1.06861766345622,0.160459082421624,6.65975180294445,2.74290391572754e-11,6.55023835123228e-10,"KANK2"
1273.39908907142,1.8352668182808,0.276042431388027,6.64849533838878,2.96104357251406e-11,7.02375487150222e-10,"MS4A3"
173.257174825067,-1.0839096001365,0.163044719314627,-6.64792827816082,2.97247075980778e-11,7.02973853464534e-10,"CD40LG"
39.858930847577,-1.59172741661284,0.239441853639864,-6.6476574267041,2.97794407860378e-11,7.02973853464534e-10,"MS4A2"
11.3459163899982,-2.14473748585134,0.323208389583038,-6.63577294085157,3.22806435862156e-11,7.58057113549631e-10,"TIFAB"
1671.68917221248,-1.42683585766887,0.215631621749046,-6.61700656933068,3.66545213176599e-11,8.52247863639979e-10,"GZMH"
5356.75600330222,1.84654338713768,0.279895737754783,6.59725439890563,4.18841722443199e-11,9.65872319022041e-10,"IL18R1"
167.342844873786,-1.14672873675206,0.174339337148104,-6.5775673781408,4.78207181660048e-11,1.09559986822603e-09,"UBASH3A"
59.4035380914841,-1.26134966174823,0.191995796660923,-6.56967331412915,5.04257709700077e-11,1.14781762999581e-09,"CARNS1"
262.099971275399,-1.14664656245377,0.174639249918413,-6.56580100400941,5.17538935795755e-11,1.1761489686068e-09,"INPP4B"
1993.79474481226,-1.09722201420387,0.167198457710785,-6.56239315378021,5.29509807890256e-11,1.19948443620156e-09,"LCK"
1111.15405327615,-1.02747417434987,0.156624196444365,-6.56012415498546,5.3762996666406e-11,1.21592395349865e-09,"ITK"
26.8174686501177,1.46699925697927,0.223634275359813,6.55981402948616,5.38749245155046e-11,1.2165027026017e-09,"AQP1"
30.4598764296262,-1.11468946094778,0.170017692971539,-6.5563144721319,5.51538612440195e-11,1.24338864788518e-09,"ATP1A3"
30.1841878016427,2.49795822553846,0.38189819720868,6.54090080496897,6.11493820513915e-11,1.36544341220936e-09,"SCN5A"
81.4069765540597,-1.15889494748215,0.177669254644352,-6.52276585390058,6.90225703705067e-11,1.5148411472281e-09,"CCDC65"
7228.03397074711,1.15389328735667,0.177156576589712,6.51340926523459,7.3463989083821e-11,1.59985719658584e-09,"SULT1B1"
219.340037342228,1.41216481516392,0.216852670444167,6.51209326715445,7.41106768547127e-11,1.61144974827608e-09,"PTX3"
38.886508274034,-1.07542387641467,0.165204332190801,-6.50965905163198,7.53215661679754e-11,1.63387508152089e-09,"EDARADD"
1380.92021075969,1.16358786144739,0.178863434001848,6.50545410771533,7.74590291084358e-11,1.66625606127918e-09,"DDIT4"
710.788565578564,1.00024115481152,0.153921480377202,6.49838575071078,8.1186414745842e-11,1.72150415592471e-09,"RFX2"
389.77400938043,-1.02245331927007,0.157429230215867,-6.49468537620421,8.32071165155471e-11,1.76034275030639e-09,"TLR7"
347.233508317812,1.8564898391111,0.286417672092089,6.48175730760847,9.06603903765868e-11,1.90090014941385e-09,"SERPINB10"
1573.356211702,-1.00412530451576,0.154969092597923,-6.47951980412651,9.20149897132406e-11,1.92643566873635e-09,"CD247"
37.6555795047089,1.31870082662119,0.203540524561897,6.47881216509377,9.24475032108285e-11,1.9326191694964e-09,"CSNK1A1L"
44.0924167316742,-1.38308379347244,0.214157528000582,-6.45825438118003,1.0591759571188e-10,2.18823889088034e-09,"PNMA3"
82.0009112754492,2.33753474735167,0.361968611599489,6.45783825570519,1.06209165821287e-10,2.19104999476126e-09,"FN1"
61.5737030883186,-1.2699435857174,0.197412073406599,-6.43295804457597,1.25144203427663e-10,2.52257772002257e-09,"RORC"
81.4120061665178,-1.19886794122859,0.186402765887707,-6.43159952868303,1.26268058993717e-10,2.53796997321179e-09,"XCL2"
7777.67485301013,1.00086211742622,0.155823039230344,6.42306890155512,1.33554003130638e-10,2.66540496332960e-09,"CPD"
28.151420452136,1.33913456330869,0.208856401467166,6.4117477554032,1.43860727732733e-10,2.81527451910306e-09,"ADCY6"
183.16495337873,-1.28706994097022,0.20086123330361,-6.4077568369042,1.476761839467e-10,2.87397435332735e-09,"PRSS23"
45.5930995130036,-1.49016448479395,0.232696452783519,-6.40389858533971,1.51458736656717e-10,2.93139230699608e-09,"KLRC4"
80.4164580630284,-1.044745307747,0.163413809386039,-6.3932498218615,1.62396606387609e-10,3.1089241630454e-09,"PPP2R2B"
3836.5557346619,2.54798584721705,0.398679778597735,6.39105864907171,1.64741175163748e-10,3.14952938678047e-09,"OLFM4"
4899.63359762104,1.36576871319871,0.213929992105364,6.38418531108085,1.7231232854449e-10,3.25890028079445e-09,"CYSTM1"
8.31760535859634,-1.23124584794464,0.192936870998569,-6.38159954378953,1.75247746873106e-10,3.30554317729862e-09,"LAMA2"
60.7208686640323,1.78009891892249,0.279086778922989,6.37829898568464,1.79065674511814e-10,3.36404713849528e-09,"SPRY1"
21339.7793587996,1.01356658807004,0.159095963961533,6.3707875601112,1.88059982771723e-10,3.51894443194367e-09,"BCL6"
550.345164229703,-1.10226269618206,0.173547390874329,-6.35136426211239,2.13413681675152e-10,3.94102067470891e-09,"CD5"
1811.99739636875,-1.00178111005435,0.157762909842046,-6.34991526878747,2.15433553924337e-10,3.96287409549851e-09,"GZMA"
210.213832749024,1.1381846952045,0.179413280000788,6.34392668814428,2.23981445564482e-10,4.10389930819708e-09,"SPATA6"
437.862461881572,1.20633720157802,0.190263914955478,6.34033627375061,2.2926419831855e-10,4.18979579028323e-09,"CFAP45"
132.512635662617,-1.40666525307934,0.221990431630875,-6.33660308124605,2.34886055531906e-10,4.2593880597742e-09,"CD160"
86.2839967513095,1.54189744020739,0.243491497251318,6.33244880257945,2.41300368995925e-10,4.35329346882533e-09,"TAS2R40"
267.776558738352,-1.33419953591858,0.211007452154416,-6.32299723207031,2.56537898339463e-10,4.61048340255489e-09,"CCL4L1"
420.799162523025,-1.02753036773021,0.162903470227939,-6.30760269435917,2.83390543878093e-10,5.0162974412592e-09,"CD28"
54.9377236758621,1.40669447815357,0.223472514137251,6.29470914391565,3.07976781232774e-10,5.41746922293356e-09,"KL"
935.64004525236,1.55175664303679,0.246657139061258,6.29114830790041,3.15126079847222e-10,5.52942274601165e-09,"COL9A2"
63.2162134762343,1.81048734743694,0.288003693016677,6.28633379132434,3.25050668305855e-10,5.68939616947763e-09,"LPL"
17906.0933483661,1.21271645808232,0.193051294636463,6.28183540735118,3.34598991199323e-10,5.79889272570536e-09,"ALPL"
539.147054029457,-1.46312465142199,0.233165072208262,-6.27505928553113,3.49501094720006e-10,6.02750357968775e-09,"LGALS3BP"
338.353303602846,-1.09522855139527,0.174879661683837,-6.26275543336376,3.78233589587272e-10,6.45195069889185e-09,"CAMK4"
187.765514435499,2.40760663075523,0.384979241715058,6.25386090956357,4.0042766744812e-10,6.78128105089424e-09,"AZU1"
4849.09868943369,1.05214342105497,0.168317803581422,6.25093364259593,4.08006214109136e-10,6.90132959999726e-09,"FCAR"
13.9858693014251,-1.22150672897964,0.195549271877712,-6.24654194439301,4.19639367122614e-10,7.07263000329861e-09,"TAFA1"
8733.25457804106,1.53469103383691,0.245745255952685,6.2450484664998,4.23668723676602e-10,7.13200993620469e-09,"MMP9"
12.1117854820799,1.25682073547572,0.201358377287111,6.24171068722736,4.32810946391724e-10,7.26854140007078e-09,"SH2D4B"
705.377605975683,1.30783183773745,0.209865013109488,6.23177640884404,4.6117539386971e-10,7.68080531870475e-09,"BMX"
137.971223318355,-1.30692128835402,0.209825861427895,-6.22859965621124,4.70622688473609e-10,7.81966235919004e-09,"EPHB2"
18186.9878529557,1.19010100259259,0.191130109938157,6.22665368098029,4.76502805944176e-10,7.8801931170815e-09,"MGAM"
64.1744542428449,1.76657563446834,0.283946512443493,6.22150847800921,4.92397546765872e-10,8.12398294371328e-09,"DZIP1L"
755.658632592969,2.32728048349594,0.374219064782004,6.21903238642229,5.00230059205599e-10,8.22431917643744e-09,"CTSG"
10.8979300901643,-1.2528460211899,0.201532074403046,-6.21660857161784,5.08014917580595e-10,8.34257597751816e-09,"NECTIN3"
1005.22711656002,1.77197607332009,0.285387493483577,6.20901796252699,5.33167290401623e-10,8.71499666097316e-09,"RNASE3"
161.57912296921,-1.31963398139496,0.212556991182866,-6.20837721709968,5.35345251570418e-10,8.74045723595271e-09,"TNFRSF25"
17.0867035989427,1.42466806235021,0.229498382147459,6.20774773669133,5.37493375127758e-10,8.76537228651633e-09,"KCNB1"
84.568378108232,1.79168424716919,0.289110993565808,6.19721936226324,5.74693807665358e-10,9.29671153846717e-09,"ERG"
3975.5132622736,-1.22162898795649,0.197205384774316,-6.19470401051441,5.83946609306015e-10,9.42493047466671e-09,"IL32"
308.028891496232,1.33879123448502,0.216136003797063,6.19420740166019,5.85790506818361e-10,9.43290084693796e-09,"KCNE1"
268.243231454898,1.34262530485402,0.216763301249989,6.19396963006017,5.86675357447639e-10,9.43636505301054e-09,"GABRR2"
95.0169238529525,2.43935548920666,0.393898115962489,6.19285899158492,5.90825825221684e-10,9.48147594233886e-09,"PRTN3"
21.5018635503241,-1.25334070865226,0.202410001787471,-6.19208881766751,5.93720781344547e-10,9.51709420835571e-09,"ZNF365"
5.10438426036855,1.76347688153387,0.285418601540536,6.17856324715898,6.46875740761188e-10,1.02988465393504e-08,"ART4"
106.597813036646,-1.20670227193349,0.195325011300812,-6.17791988797126,6.4951655843299e-10,1.03292193096172e-08,"ALS2CL"
3096.03823569813,1.02639857029735,0.166542522468026,6.16298201256321,7.1387619357811e-10,1.12135067642314e-08,"MPZL1"
459.695572703528,2.10940348356005,0.342634364297783,6.1564270935964,7.44044028397707e-10,1.16484226223597e-08,"CA1"
430.777126209293,-1.06342875879527,0.172888759576817,-6.15094215146347,7.70240114792705e-10,1.20451534044719e-08,"TBC1D4"
23.1946450915869,1.68552771924374,0.274363482374273,6.14341130480484,8.07677807552262e-10,1.25332382251226e-08,"TMEM52B"
82.8958683597789,-1.14260751350913,0.186150274513838,-6.13809201460078,8.35184852806002e-10,1.29192673373581e-08,"GCNT4"
3566.20645973478,1.09463562144917,0.178341489994281,6.1378629363491,8.36389755963375e-10,1.29218548920219e-08,"UPP1"
287.150979451521,1.1019829112266,0.179631830646269,6.13467505876854,8.53334314633071e-10,1.31692009782913e-08,"PRKCE"
270.215636963602,-1.22890019939685,0.200378962358997,-6.13288034297318,8.63020606106064e-10,1.32895741421141e-08,"TRABD2A"
58.8784352178195,2.01831283488113,0.329291085536474,6.12926654723415,8.82851128209502e-10,1.35210569526868e-08,"INHBA"
1642.86034641712,-1.0283642795369,0.167847875012069,-6.12676377024709,8.96844727642005e-10,1.36611267161901e-08,"PLAAT4"
340.355911514037,2.04582999629376,0.334166943258196,6.12217946020184,9.23039759903143e-10,1.39898788912496e-08,"COL17A1"
252.943600595058,-1.28002553084367,0.209086251280644,-6.12199761105078,9.24094097542315e-10,1.39898788912496e-08,"FLT3LG"
32.6836909243031,1.28692348467638,0.210446365808433,6.11520887867388,9.64305711312564e-10,1.45158693915481e-08,"DYRK3"
14.996458767835,1.41671901496,0.23214221210997,6.10280656018251,1.04221950613103e-09,1.54091005680862e-08,"TEAD3"
209.164226151601,-1.16077052398517,0.19023496327273,-6.10177279725932,1.04898416547656e-09,1.54928583769022e-08,"NCR3"
202.552325420875,-1.07401429689314,0.176291876828208,-6.09225062559032,1.1133419679918e-09,1.63236090832513e-08,"SH2D2A"
4886.37312099806,1.19664839177523,0.196451549448177,6.09131562024609,1.11986514779783e-09,1.63851505010087e-08,"SLPI"
1392.39617356157,-1.17707422416877,0.193348684022188,-6.08783157807109,1.14450173415705e-09,1.66591213163976e-08,"ZAP70"
130.590088776333,-1.00634384563995,0.165346116171788,-6.08628656626203,1.15559530292124e-09,1.68032382024358e-08,"AMIGO1"
8.23318185388323,2.23501566442131,0.368033073259074,6.07286634494393,1.25647029149334e-09,1.80649657215726e-08,"TSPO2"
62.0964331938146,1.06490929120611,0.175474851705137,6.06872882842237,1.28926621169537e-09,1.84236926194603e-08,"ARHGEF17"
28.9731621213668,1.35879443061581,0.224104555054257,6.0632164762864,1.334258860299e-09,1.89513178846905e-08,"KLF1"
112.188647624517,2.08192515121712,0.344111600568208,6.05014520806442,1.44715334810099e-09,2.0309154058509e-08,"PCOLCE2"
6.69355499224394,1.2021950979263,0.198719844540899,6.04969826090453,1.45117375606889e-09,2.03453116646873e-08,"OLFML3"
1102.48857410387,1.71074950516897,0.283284671429287,6.03897661153898,1.55094721020303e-09,2.16150803083686e-08,"CRISP3"
459.283850290926,1.10838768029898,0.183750823636081,6.032014759804,1.61927984270786e-09,2.24710529980461e-08,"HECW2"
43.1056145412338,1.54116889459723,0.255778793138135,6.02539747603279,1.68694525973668e-09,2.32280865689923e-08,"PRG2"
16.6756628878353,1.28651809213223,0.213519865414792,6.02528523345119,1.68811644050022e-09,2.32280865689923e-08,"TLN2"
39.0074538259234,-1.02049825462375,0.169588054607409,-6.01751259536628,1.77117537574519e-09,2.41586263739107e-08,"RYR1"
4.93274963969162,-2.42183366818563,0.4026259872043,-6.01509526248425,1.79780945015006e-09,2.44981964725477e-08,"ERICH3"
5.54363014388916,2.12036978481141,0.352579867238891,6.01387084695552,1.81144850127636e-09,2.46363990183242e-08,"IL1RL2"
13.5800792384119,1.76792684645089,0.294153631083503,6.01021595395171,1.85276359670298e-09,2.51255429042782e-08,"KLHDC8A"
50.7910414402894,-1.14032643633586,0.189829005276353,-6.00712433105666,1.88842704067343e-09,2.55354481795477e-08,"IGFBP3"
89.2719208889781,-1.02605331545824,0.170818595588272,-6.00668394400899,1.89356124471113e-09,2.55491410479008e-08,"RASGRF2"
46.7970172484002,-1.03624550773474,0.172526131721332,-6.00631044929767,1.89792624810668e-09,2.55657560571923e-08,"KLHL3"
4.60208553651339,-1.84244046698275,0.306919880608912,-6.00300138044968,1.93702970932933e-09,2.60332155718995e-08,"SLC4A3"
286.741244132633,1.16578110259551,0.194202801272953,6.00290569937247,1.93817197550906e-09,2.60332155718995e-08,"STBD1"
49.9538280712132,1.04775512010996,0.174564023327401,6.0021251809994,1.94751455666866e-09,2.61337905747251e-08,"KCNH7"
5.66739840147882,2.02037857185251,0.336653439705151,6.00136025231766,1.95671309729269e-09,2.62322431406793e-08,"FABP4"
273.988699261694,1.66232253280221,0.277410335825155,5.99228766245366,2.06909505046812e-09,2.76005938926754e-08,"TMEM119"
7.27368167317256,-1.49520787906455,0.249664664640126,-5.98886462856003,2.11310947895269e-09,2.80355108836567e-08,"SPON1"
82.3928289095684,1.76397565794343,0.294766617495523,5.98431285377905,2.17305279605455e-09,2.87495905130597e-08,"BEX1"
23.5281399547849,-1.1325539427593,0.18935128509853,-5.98123187899132,2.21456351526638e-09,2.92164793353027e-08,"LRFN3"
3.64002956118075,-1.65057260630499,0.27641525398751,-5.97135137259673,2.3529636006699e-09,3.08115772615603e-08,"SLC12A3"
25.3259193512225,1.39086362445383,0.232976558014705,5.96997241398871,2.37293705463064e-09,3.10442740016209e-08,"SLCO4A1"
6689.40222390487,2.02140438965959,0.338737623551977,5.96746345582547,2.4097023472732e-09,3.14376908084068e-08,"LCN2"
84.8329586111796,1.47005627402902,0.246377806883637,5.9666748909869,2.42137183414105e-09,3.15024276482432e-08,"DUSP13"
75.9787583327688,1.07171864188686,0.179812476207084,5.96020178629095,2.51926652030428e-09,3.25954685684916e-08,"PLPP3"
628.935041711862,-1.02504744886009,0.172076331813357,-5.95693456536434,2.57013086760776e-09,3.31926158795539e-08,"TBX21"
240.987670051616,-1.0473431473246,0.175971340815259,-5.95178250317554,2.65237704165033e-09,3.4192124901055e-08,"SIRPG"
15.8306822245568,1.51213688454714,0.254194315264447,5.94874390866692,2.7020801108852e-09,3.47375079948654e-08,"RHCE"
2056.32396368751,1.79975578477268,0.302558581396884,5.94845393729499,2.70687038172778e-09,3.47673688956649e-08,"BPI"
123.789878948281,-1.06800347678243,0.179641450721656,-5.94519512335293,2.76127733705367e-09,3.53694524355329e-08,"FASLG"
28.7123995125313,3.18010121063951,0.535962621415577,5.93343842195614,2.96655292752399e-09,3.76226199359254e-08,"FABP2"
272.621792833858,1.09398484497923,0.185021707235217,5.91273781507407,3.3646753410052e-09,4.19913866738382e-08,"PROS1"
9.71210712396002,1.65085808301733,0.27926444778158,5.91145094240035,3.39107264402658e-09,4.22459889958749e-08,"SLC4A9"
194.428064819339,2.04381996098927,0.34586811742389,5.90924649606947,3.43676114944822e-09,4.26642859874233e-08,"ALOX15B"
10.247540783454,-1.82254847990127,0.308641084902362,-5.90507411052494,3.52488256546348e-09,4.35574692760258e-08,"KIF19"
4333.44607043686,1.15291840134402,0.195262965496143,5.90443967915052,3.53847307748891e-09,4.36576932240094e-08,"PFKFB3"
249.434005991871,-1.01886564430794,0.172724146872987,-5.89880258639904,3.66148997700256e-09,4.50571124680926e-08,"IL11RA"
46.7821470812928,1.40828638334764,0.238753953572912,5.89848403460078,3.66856455637884e-09,4.50672116969795e-08,"HRK"
22.2900029520176,-1.12462993890073,0.190742599279696,-5.8960606762605,3.72282125461151e-09,4.56921180117388e-08,"CDK18"
9310.88276936219,1.24144960734605,0.21080957871364,5.88896204300287,3.88628684148537e-09,4.75327965247646e-08,"ANXA3"
1571.58070516572,1.9169841774936,0.325797982453385,5.88396577246415,4.00550708372237e-09,4.86950774889113e-08,"CEACAM8"
26.4709981524357,-1.0442176215602,0.177548558902116,-5.88130722106216,4.07038839971815e-09,4.93240191928734e-08,"JPH4"
711.298514644326,-1.27803127373242,0.217339419464087,-5.8803473244006,4.0940648625044e-09,4.95578813682878e-08,"HERC6"
52.8599816765571,1.430559841599,0.243314979848446,5.87945650732255,4.11615731760623e-09,4.97398427144698e-08,"C1orf226"
20.5110921203329,-1.03525883008044,0.177126783607788,-5.8447334106897,5.07380156852243e-09,5.99747182051016e-08,"XPNPEP2"
889.106367559884,1.62319919397987,0.27786617552751,5.84165809637801,5.16837970641912e-09,6.09231047253818e-08,"CEACAM6"
1249.6059095051,-1.05512197230972,0.180637746256683,-5.84109353761759,5.18592750313019e-09,6.10440422047655e-08,"CD8A"
28.2945030056447,-1.6727821590856,0.286895282365488,-5.8306366883878,5.52162870166682e-09,6.44571237833351e-08,"HESX1"
274.672517505648,1.87388583295855,0.321422187294704,5.82998282953141,5.54330794691287e-09,6.46031505144767e-08,"ABCA13"
122.251968122272,-1.10479392651422,0.189526102265098,-5.82924416906387,5.56789848028088e-09,6.48361070968245e-08,"SORBS3"
11.1221235477128,1.16889502621529,0.200560966741328,5.82812820065264,5.60525126375071e-09,6.52171678829459e-08,"SPINK8"
8.81006392035922,1.2466985227849,0.214023053955283,5.82506650449622,5.70898610718221e-09,6.59881987286278e-08,"FAM169B"
7.16354854722579,-2.71715411817238,0.466611688715252,-5.82315913614096,5.77455221216924e-09,6.65277519783031e-08,"CCL8"
220.160931766871,1.07952220403488,0.185642859500598,5.81504835111312,6.06163626204208e-09,6.96075427320073e-08,"PLCL1"
22.0255691785895,-1.4259351289845,0.245438591442918,-5.80974296096435,6.25688310409011e-09,7.14420445191488e-08,"TLE2"
10.6014212551224,1.75074418362398,0.301379026610574,5.80911088377161,6.28054842430513e-09,7.15962194971353e-08,"CA3"
12.1659909690119,-1.38474953592309,0.239040842799191,-5.79294115477313,6.91643464275105e-09,7.81496103579489e-08,"PRLR"
443.010872143426,2.01168100889407,0.347624233080827,5.78694123555629,7.16796400999692e-09,8.06682211668184e-08,"ADAMTS2"
231.884673032169,-1.31985568586253,0.228183679543778,-5.78418092170922,7.2866487438463e-09,8.18731106864389e-08,"ANO9"
154.296269534687,2.31409554899633,0.400507710837168,5.77790510988978,7.56364427223504e-09,8.45807522188823e-08,"KCNMA1"
1160.62794140719,-1.13183600571322,0.195937312182106,-5.77652103679607,7.62609714835721e-09,8.52115058051968e-08,"TCF7"
107.543659557715,-1.17278228011897,0.203327203698989,-5.76795558480798,8.02389446564534e-09,8.83945840664135e-08,"OBSCN"
21.1717689214191,-1.20014023487977,0.208108315001034,-5.7669018889217,8.07420239646175e-09,8.88310246847897e-08,"SLC4A4"
13.5848409777718,1.94770784153233,0.337757941243358,5.76657897179975,8.08968113618735e-09,8.89107700537283e-08,"SDK1"
685.120796325152,-1.19516221685212,0.207842492280311,-5.75032662349064,8.90712031124534e-09,9.6391186778377e-08,"CD8B"
33.8106537870608,1.10579006248041,0.192309558023151,5.7500525394962,8.92157203650552e-09,9.64734842627496e-08,"KCNK5"
15.9324872661473,-1.21583202376247,0.211827694954037,-5.73972173008957,9.48322453925636e-09,1.01379843519061e-07,"ZSWIM5"
1427.81016057672,1.03365836197557,0.180114230170628,5.73890447743276,9.5290945223114e-09,1.01706521227936e-07,"B3GNT5"
132.532404262693,1.12150459916344,0.195434313165745,5.73852452518052,9.55049349523113e-09,1.01790055482456e-07,"SPTB"
6.52242220187386,-1.68597607978411,0.293841297030737,-5.73770976653344,9.59653843308195e-09,1.02203496993292e-07,"NTN4"
10141.0437782592,1.28217722854953,0.223578750794186,5.73479019806237,9.76331245056739e-09,1.03510212512035e-07,"S100P"
128.09854193797,-1.08514264691739,0.189474346609386,-5.72712172563647,1.02148876088666e-08,1.0773036407854e-07,"PCBP4"
1638.93469376105,-2.22125394519059,0.387995915305377,-5.72494157172332,1.0346934492089e-08,1.08878496634454e-07,"SIGLEC1"
3.62166793621829,-1.54774534126243,0.270758906863507,-5.71632290583396,1.08853800395138e-08,1.13864146070341e-07,"MARCHF10"
193.547876174855,1.01690835042942,0.177904232428048,5.71604360700471,1.09032769138409e-08,1.13966744596453e-07,"BEND7"
64.3707421233128,1.04119535880368,0.182201449660883,5.71452840107243,1.1000867576365e-08,1.14901574611551e-07,"M1AP"
79.4144925856802,1.28461541332542,0.224859670877243,5.71296492747571,1.11024567779954e-08,1.15790981496636e-07,"ITGA9"
16.8690156790061,1.02882841733324,0.180271096850084,5.70711797570536,1.14905141808242e-08,1.18845072183343e-07,"KCNE5"
6738.73034341346,1.42688704978886,0.250584677104713,5.69423105305276,1.23929165601168e-08,1.26901304020383e-07,"VNN1"
102.44933262479,-1.36902529223591,0.24057705795164,-5.69058955119114,1.26601494453135e-08,1.29261960640919e-07,"RUFY4"
110.920247364371,1.45811309420369,0.256562221847462,5.68327278936103,1.3214124236814e-08,1.34170123456518e-07,"NECAB1"
11.7774813384223,1.44601657943018,0.254463257543502,5.68261443082001,1.32651099475017e-08,1.34561122505615e-07,"ARHGEF37"
14.1051724127884,1.10676540954524,0.19484774208898,5.68015516977261,1.34572600132913e-08,1.36188777589105e-07,"SLC22A14"
451.784594452311,-1.92330362919318,0.338605821445995,-5.68006663612524,1.34642276211231e-08,1.36188777589105e-07,"USP18"
4.63758698172488,1.43377582280538,0.25311481279463,5.66452752004166,1.47430200598603e-08,1.47639767337193e-07,"CPXM2"
2165.92593772495,1.46961099115656,0.259538425366149,5.66240235557903,1.49268317801857e-08,1.49268317801856e-07,"PGLYRP1"
65.3657134841565,-1.16289005417396,0.205563736682434,-5.65707781412075,1.53971967030217e-08,1.53536094512085e-07,"TCEA3"
44.6923443492034,1.00917282203835,0.178505388388785,5.65345859386818,1.57251006650792e-08,1.56694956415111e-07,"TMEM132D"
55.8077647206512,-1.02779653323969,0.181807799468328,-5.65320374728334,1.57484438333767e-08,1.56816659796663e-07,"SOX13"
4.3769270831588,1.44392786554039,0.255464585465863,5.65216451786166,1.58439830132386e-08,1.57656582384557e-07,"CCL20"
63.7220498062309,-1.33299552495748,0.236150656958584,-5.64468268742211,1.65486176629829e-08,1.63628086225564e-07,"AGRN"
26.7675284501667,1.20401893433177,0.213543887386605,5.63827393547439,1.71763118073477e-08,1.6912245518206e-07,"CHRNA2"
4.75207239371698,1.58155118449813,0.280497913543118,5.63837058365503,1.71666762740796e-08,1.6912245518206e-07,"GNA14"
1184.00956599701,1.76142038972726,0.313222617429868,5.62354150597587,1.87081786648749e-08,1.8229476997793e-07,"MPO"
700.758605635561,-1.05700440060378,0.188077147065354,-5.62005760453443,1.90893799762639e-08,1.85240608722836e-07,"GZMK"
9.80625844515118,1.1211846205751,0.19969102620174,5.61459691955518,1.97020974252027e-08,1.90399556050141e-07,"PDE6H"
61.7926623634684,-1.13531201650125,0.202374175552309,-5.60996487522588,2.0236768435489e-08,1.95031509751053e-07,"IGSF9B"
66.345449428383,-1.46826483035402,0.261869795403507,-5.60685064152442,2.06041316772082e-08,1.9803016052651e-07,"PLD4"
14.2845439928036,-1.04728703495506,0.186864065222528,-5.60453950152423,2.08809367492001e-08,2.00008428821366e-07,"MSX2"
10.1619217158884,1.3886657911203,0.247906698676658,5.60156622847663,2.12423595108923e-08,2.02918539327778e-07,"SPAG4"
6.15404053896902,1.57300908258562,0.281240121343209,5.59311763582271,2.23028069526126e-08,2.11329219880506e-07,"BSND"
142.420096783006,-1.00620221387022,0.179971213811425,-5.59090641531445,2.25887309504014e-08,2.13473045140089e-07,"GPRASP1"
66.1077421012681,-1.73074888449345,0.309693413005914,-5.58858797704036,2.2892339194877e-08,2.1589896871206e-07,"LRRN3"
115.334416817155,-1.08110036622122,0.193657684003161,-5.58253276541081,2.37040934203075e-08,2.22512109455118e-07,"CYSLTR2"
51.4770694201568,-1.09563168765781,0.196861747223498,-5.56548797879933,2.61419805751317e-08,2.42968671704225e-07,"SAMD10"
32.4596263266266,1.0956329358618,0.196874991278814,5.56511992074283,2.61972188465463e-08,2.4332156463272e-07,"C8orf88"
61.2838302104073,-1.10127693366032,0.197922546357114,-5.56418131198291,2.6338598775818e-08,2.44473555172118e-07,"HPCAL4"
417.517250281331,-1.11463580305608,0.200494943569897,-5.55942101685716,2.70671051083888e-08,2.50246398279002e-07,"S1PR5"
11686.2883746089,1.15447950815379,0.207679559156218,5.55894625761117,2.71408245055184e-08,2.50594313076216e-07,"CST7"
5.2592489186595,1.61608958008985,0.291037322528826,5.55286025190045,2.81032744713003e-08,2.5846941077064e-07,"CYGB"
4.41171054805066,-1.40347957685006,0.253175213773121,-5.543510977768,2.96466077901876e-08,2.70895398030962e-07,"KIF26B"
63.2853808376509,-1.21918570607393,0.220112789433341,-5.5389135234377,3.04353872678852e-08,2.77024939666991e-07,"LGR6"
74.2473657101776,1.50264313913211,0.271298552665747,5.53870680240392,3.04713283312868e-08,2.77173025298793e-07,"ATP2C2"
2826.42993098992,1.1389471682876,0.206102266960571,5.52612635020402,3.27378402568964e-08,2.95176262366617e-07,"CDK5RAP2"
8.75311547125146,1.05525131521323,0.190957892713047,5.52609426204216,3.27438252717546e-08,2.95176262366617e-07,"MCAM"
3.20507628555394,2.13350632018499,0.386095738628644,5.52584788364382,3.27898146144837e-08,2.95213091321454e-07,"DPPA2"
6.98292384339136,2.50027406895608,0.452791677159845,5.52190818665034,3.35337715215012e-08,3.00758014473553e-07,"MMP27"
541.713697240356,1.03014462343296,0.186657102764306,5.51891467389661,3.41099755659064e-08,3.0495530185509e-07,"CDK5R1"
303.878377156307,-1.25267827697309,0.22724243444264,-5.51251917383099,3.53733640517593e-08,3.15250284306951e-07,"NELL2"
8.23062627857177,2.30772526261374,0.419714075505105,5.49832706905649,3.83411289270755e-08,3.39338257903576e-07,"LHX1"
67.0079207769209,1.82868447154297,0.332701589014531,5.49647050667707,3.87467861640851e-08,3.42338529441983e-07,"CYP19A1"
59.5110722948004,1.09841600955929,0.1998412752374,5.4964421551776,3.87530130915516e-08,3.42338529441983e-07,"TRIM9"
185.571006155164,1.44674398233209,0.263335975857486,5.49390935902754,3.93132321470892e-08,3.46635444901431e-07,"TIAM2"
4.49604734216936,1.30903469960537,0.239055465425573,5.47586183513934,4.35387311682329e-08,3.78913355256579e-07,"MYBPC1"
11.3491279115819,2.46185829875664,0.449693505613128,5.47452491091696,4.38686930128881e-08,3.81313932480933e-07,"FIGN"
132.602142828102,-1.26845320782117,0.231707489998416,-5.47437291660207,4.39063593543642e-08,3.81406043959921e-07,"HAPLN3"
5.88654127070624,1.74596260265186,0.319093933085307,5.47162581804742,4.45925584652872e-08,3.85939280574875e-07,"NFASC"
19.9351310516195,1.0257025323786,0.18781243013988,5.46131335191535,4.72624978987713e-08,4.06054021581517e-07,"TCTEX1D4"
91.1497857627317,1.61307892511063,0.295930920959724,5.45086305911968,5.01259583846975e-08,4.27999000534696e-07,"AP3B2"
1956.99047439907,1.99456913024656,0.365926426133396,5.45073814789056,5.0161181724744e-08,4.27999000534696e-07,"DEFA4"
5.10128044153568,-1.23223747312106,0.226145456660856,-5.44887123232817,5.0690495132308e-08,4.32080505997713e-07,"LPA"
248.212764289287,1.83030346776168,0.336257017254418,5.44316809417494,5.23412117960258e-08,4.4507403392034e-07,"OLR1"
13623.4653992644,2.23371554718883,0.410968767859069,5.4352440425712,5.47214850748204e-08,4.62522930236484e-07,"DEFA1"
54.0669097408636,-1.05843473256196,0.195182944415495,-5.42278289597281,5.86782443761376e-08,4.9212884717844e-07,"NR3C2"
85.5965247074325,-1.13956060936426,0.210199586011391,-5.42132661147345,5.91583597542899e-08,4.95860374145119e-07,"LTK"
107.798343498291,1.55662752383448,0.287157880365235,5.42080726412459,5.93304999226465e-08,4.97007576640957e-07,"TACSTD2"
13376.1806458711,1.98481830694208,0.36618060859459,5.42032609143302,5.94904199972687e-08,4.98051109781055e-07,"CD177"
37.4444344109102,-1.05038904723476,0.19401896908002,-5.41384717285835,6.16848198642128e-08,5.14892838795473e-07,"SLC29A2"
63845.820279382,2.11641048248165,0.391335281351709,5.40817703727445,6.36694729222213e-08,5.28952165963501e-07,"DEFA1B"
39.1880659374011,-1.02350193708889,0.190199661274038,-5.3811974755004,7.39919696894584e-08,6.02628238684664e-07,"AGAP1"
35.4975777944098,1.40016195902834,0.260596291672494,5.37291590007738,7.74734684402061e-08,6.27717751766822e-07,"TCTEX1D1"
22.7836613299154,-1.13882185776937,0.212035416808507,-5.370903950437,7.83429310080011e-08,6.33669286970571e-07,"CCR9"
41.7962882922761,1.15130515638459,0.214397423434358,5.36995798709812,7.87549871729359e-08,6.35907031098376e-07,"SLC28A3"
859.021464464873,1.11293295791503,0.207391934154046,5.3663271064745,8.03561537893435e-08,6.46612339744061e-07,"MXRA7"
237.843568353584,-1.00262298175571,0.187399949973015,-5.35017742480768,8.78680429691188e-08,6.99469336403889e-07,"GDPD5"
38.2440917525966,-1.33406501032653,0.249527496806431,-5.34636473895869,8.97382853353927e-08,7.12746584202752e-07,"SELENOM"
24.7972749613566,-1.84437506916142,0.345390672179554,-5.33996780377035,9.29630896622668e-08,7.36284391985014e-07,"OLFM1"
1855.58798843389,1.07781146925154,0.202144693402061,5.33188109523013,9.72005791293062e-08,7.65542850716559e-07,"IL1RAP"
18.7123866278747,1.14080799701828,0.213993944410442,5.3310293436631,9.76576358745235e-08,7.68712899146389e-07,"BTBD19"
18.6959353563273,-1.12566053815031,0.211159420193827,-5.33085636017111,9.77507140337713e-08,7.69015946809513e-07,"FAM241B"
7.42890654694599,2.32160381794818,0.436455533581678,5.31922186642117,1.04211991154708e-07,8.15295366668427e-07,"PRG3"
62.1402656107822,1.40273113792324,0.263914962889609,5.3150875667098,1.06606048225227e-07,8.31283190173884e-07,"AREG"
13.6576302388622,-1.20910194207809,0.227492045249529,-5.31491965247342,1.0670439904732e-07,8.31562490363242e-07,"B3GALT2"
15.2905823946263,1.41830960178385,0.266879074997427,5.31442789884344,1.0699293469718e-07,8.33350165772948e-07,"TIMP3"
8.44398604924441,1.73947778272205,0.327861075947221,5.30553307585092,1.12344193855933e-07,8.70219731407423e-07,"TAAR1"
27.738162439388,1.02547801204295,0.193714934454359,5.29374782038068,1.19834657714104e-07,9.19145523784281e-07,"GLIS2"
47.5065757913206,1.3748193558914,0.25988329435907,5.29014132779104,1.22221880965669e-07,9.34606341273501e-07,"DNAH10"
6.88719570267529,-1.15287314017858,0.218137521476517,-5.28507490309361,1.25653333421322e-07,9.57002955625095e-07,"HEATR9"
24.0219519900882,-1.19892876881862,0.226870832879061,-5.28463158354841,1.25957986400335e-07,9.58804985618971e-07,"ADGRD1"
4674.04062956095,-1.26848505503585,0.240801055635222,-5.26777198583971,1.38089475746358e-07,1.03991486545493e-06,"GNLY"
371.365427400626,1.34626017925393,0.255791536905244,5.26311462662913,1.4163521030333e-07,1.06434139369276e-06,"ITGA7"
703.077579938161,1.01193191652866,0.192287209901844,5.26260647832593,1.42027359446832e-07,1.06615103601804e-06,"MAK"
84.1859624947652,-1.27704717386685,0.242833183056071,-5.2589483768039,1.44881551503736e-07,1.08411102532535e-06,"COL6A2"
86.0743153544312,1.42142126775869,0.271118068585876,5.24281275376695,1.5814700965721e-07,1.17463962365318e-06,"KCNE1B"
995.477114680967,1.02969233347468,0.19643950120555,5.24177839566614,1.59036301319122e-07,1.17875932960886e-06,"OSM"
142.738025388589,1.99288709800984,0.380232238027417,5.24123653572515,1.59504094758345e-07,1.18098407522075e-06,"CNTNAP3B"
79.7031775867486,1.60035625952648,0.305843425157781,5.2325998464766,1.67142314702151e-07,1.22914155227208e-06,"PRRT4"
20.1612893442057,1.28133019737098,0.245663946525038,5.21578447100453,1.83040910055645e-07,1.33352969114997e-06,"BMP2"
1173.8053445514,-1.01073057142294,0.193892457985074,-5.21284108689129,1.8597019913624e-07,1.35068046692249e-06,"MOV10"
11.7188378687947,-1.35712303438076,0.260659760396542,-5.206492295996,1.92443680060131e-07,1.39124240741265e-06,"IL4I1"
14360.028923556,1.75780515773323,0.337935067683594,5.20160624282726,1.97573474587425e-07,1.42321587777956e-06,"LTF"
4.36218135889877,1.55176485765995,0.298540216111237,5.19784194529343,2.01615437795834e-07,1.44641625180412e-06,"YAP1"
2188.84450872786,-1.08627023826276,0.209122552210593,-5.19441938126716,2.05359738777541e-07,1.46804602708045e-06,"SLFN5"
2.56739383382938,-2.13178928284141,0.411117461861455,-5.1853532885446,2.15605758591896e-07,1.53313051440322e-06,"KRT5"
8.80552312846251,1.52967326779259,0.295010247047627,5.18515300095877,2.15837598811052e-07,1.53361158207147e-06,"PAQR5"
18.1726292223426,-1.06361086117347,0.205602856101196,-5.17313271489754,2.30201382556681e-07,1.62297545992362e-06,"CAMK2N1"
131.799335025106,-1.40962527406314,0.272605243189634,-5.17093969862697,2.32919726884604e-07,1.64091947590203e-06,"GZMM"
68.9620179458148,-1.13736802906237,0.2201797109479,-5.16563503587986,2.39623955024531e-07,1.68310145877151e-06,"TTC16"
6257.17851849619,-1.34910824984626,0.261356102984739,-5.16195426255278,2.44385008569968e-07,1.71227487357079e-06,"OAS2"
754.698702184551,-1.02243615352357,0.198277141042929,-5.1566012508835,2.51472529610136e-07,1.75582157691121e-06,"ADGRG1"
26.3785717045018,-1.02217907091671,0.198330774413951,-5.15391055138646,2.55109665082079e-07,1.7790917772541e-06,"CARMIL3"
15.3620404015374,-1.01502106566109,0.196944015484347,-5.15385584662133,2.55184136396773e-07,1.7790917772541e-06,"FRMPD3"
15.0088735730699,1.59526305382095,0.309937106498268,5.14705409702165,2.64609035963127e-07,1.83628539007526e-06,"CRISP2"
7.82056637784044,-2.2740541101179,0.442507252158962,-5.1390211098755,2.76173375620965e-07,1.90375873899188e-06,"RNA28SN5"
74.3253338513309,-1.08846152343943,0.212081106978388,-5.13228895749937,2.86239600225122e-07,1.96737364252291e-06,"B3GAT1"
5.51229258848736,1.07861241729779,0.210763533233074,5.11764251031511,3.09378286022127e-07,2.10180330282149e-06,"CFAP206"
6.44153667655477,-1.0422681429958,0.203751216470794,-5.11539592768615,3.13083534311521e-07,2.12288113496118e-06,"CATSPERB"
5.51649472103978,-1.22467873940113,0.239430719501394,-5.11496077843095,3.13806154458616e-07,2.12602161730308e-06,"LZTS1"
77.1390636980438,-1.07172887652416,0.209621884891031,-5.11267646067244,3.17626044520801e-07,2.14851222625928e-06,"BCAS4"
4.10755571794327,1.45514951290202,0.285121568170897,5.10361079393977,3.33233268244171e-07,2.23477237009061e-06,"HAS1"
6.76208835822713,-1.25109695569844,0.245301722561543,-5.10023713911978,3.39228195582386e-07,2.27173254551132e-06,"IL31RA"
4180.49963596395,1.00603600280847,0.197488891421482,5.09413970359162,3.50328375089732e-07,2.33770376128077e-06,"ITGA2B"
8.44796131121973,1.25829334262305,0.247121756509271,5.09179507461071,3.54689341456611e-07,2.35734567034135e-06,"DYNC1I1"
6.2221183618124,1.2238149696655,0.240502698092308,5.08857064545604,3.60772384981149e-07,2.39213313147501e-06,"FERMT2"
123.937028577659,1.16707908206023,0.229491859543928,5.08549228883141,3.66673730302615e-07,2.42441710932137e-06,"SAMD14"
59.5987159187476,1.04316652088732,0.205481122646708,5.07670246030764,3.84041549721183e-07,2.52032856803515e-06,"AFF2"
4517.73365242647,1.11380529357968,0.219898691158082,5.06508377887061,4.08220778902912e-07,2.66094692398151e-06,"CLEC4D"
3.17219461712965,-1.35384934316225,0.267442676583578,-5.06220383544194,4.14437571219337e-07,2.69719417019883e-06,"EPHX4"
5843.636923572,-1.5468286720602,0.306740846191808,-5.04278674087297,4.58800492077099e-07,2.95047874640179e-06,"OAS3"
13.098155318429,-1.2777573863689,0.254099369702681,-5.02857361615652,4.94141804565539e-07,3.15185967692551e-06,"FGFR2"
4651.70947289822,1.34474547785461,0.268078442345411,5.01623877731259,5.26928357300727e-07,3.34434709115715e-06,"HP"
14.7278572575392,1.43829216286898,0.286777386323849,5.01536115279591,5.29339399017028e-07,3.35661212067953e-06,"NXF3"
8.6565354920693,-1.2585074570384,0.25145951433727,-5.00481145187621,5.5916735574116e-07,3.52670906105324e-06,"DNAH6"
18.7780272711511,-1.07525022165356,0.215008686611392,-5.00096176856788,5.7045024906055e-07,3.58343468981861e-06,"ACE"
59.5198801042346,1.20350778614753,0.24145116379931,4.98447705618793,6.21296173596088e-07,3.87176607075138e-06,"GPER1"
9.99361914124981,-1.26658746110372,0.254606892613486,-4.97467860395477,6.53559821751913e-07,4.04799926715998e-06,"NUAK1"
4974.61862236727,-1.29530368867901,0.260428940433402,-4.97373174626211,6.56761755941284e-07,4.06223579508898e-06,"XAF1"
60.1731871623375,-1.02768138064131,0.20700550778608,-4.96451225685898,6.88739368035501e-07,4.23770205048918e-06,"AK5"
28.189499004697,1.42847414574249,0.287797199739811,4.96347479069962,6.92430325015537e-07,4.2585522826141e-06,"IQGAP3"
17.3054146002959,-1.09872961177607,0.221383985180436,-4.96300403518603,6.94111394668994e-07,4.26516770644838e-06,"NRP1"
47.929128452441,1.05847194132206,0.21417302044512,4.9421348175518,7.72717501274302e-07,4.67479158134604e-06,"SLC27A2"
16.8764300382841,-1.35444413316628,0.274258184345463,-4.93857325132798,7.86962173850146e-07,4.75484435229355e-06,"CFB"
6.20212046578992,-1.23478872521253,0.250583409984602,-4.92765552710935,8.32221730933541e-07,4.99257142429371e-06,"DNAI2"
27.114750364871,-1.12420249500896,0.228230905734944,-4.92572419755699,8.40484790904072e-07,5.03718872983342e-06,"MTUS1"
6.15774604356508,1.28629888397756,0.261961550796595,4.91025831869628,9.09564946451394e-07,5.41206507411324e-06,"ECSCR"
14.291742918389,-1.59253216060441,0.324820011012989,-4.90281419435309,9.44733365925718e-07,5.60003917791054e-06,"NOG"
8.64265920607012,-1.09516794050554,0.223690636404966,-4.89590426361372,9.78547002059512e-07,5.77375513359235e-06,"ADAM12"
6.00887544848985,1.58438693738223,0.32430934157388,4.88541874770909,1.03209262630805e-06,6.06176953092139e-06,"NES"
164.670032683534,-1.03574070463737,0.212127499137549,-4.88263289223887,1.04678645351022e-06,6.13783650851395e-06,"KLHDC7B"
420.447942751614,-1.25673050016313,0.257461393254245,-4.88123863651316,1.05421576652875e-06,6.17882701763314e-06,"SPATS2L"
5.59405072330245,1.79187678857713,0.367983750592399,4.86944541896885,1.11911889227916e-06,6.51048108679329e-06,"ADGRG2"
61.6833054098875,-1.38280142607457,0.284423657706771,-4.86176655354099,1.16342780782895e-06,6.72935049766415e-06,"KLRC4-KLRK1"
168.503022316505,-1.35717007482969,0.279388022134609,-4.85765303916931,1.18785319966056e-06,6.8509421134741e-06,"IDO1"
48.4168119604987,-1.04815235255067,0.215798126940972,-4.85709661806921,1.19119478212599e-06,6.86459487940906e-06,"ADAMTS10"
44.6366323175585,-1.73143269440125,0.356502771102249,-4.85671594935417,1.19348609330483e-06,6.87498734859571e-06,"CRIP2"
296.669790094563,1.09015680064868,0.224836461775343,4.84866552355717,1.24294792951872e-06,7.13366041829683e-06,"LRRN1"
1741.78543861533,1.13362910438283,0.233817051440867,4.84835942202243,1.24486700639076e-06,7.13885881971744e-06,"CNTNAP3"
124.798034556601,-1.12018750381222,0.231165285652528,-4.84582925438038,1.26083919512889e-06,7.2157693986052e-06,"LAG3"
243.644272674605,-1.00132758990474,0.207167226228484,-4.83342663863435,1.34202748133862e-06,7.62159097624389e-06,"C2"
146.938868103602,1.11246813310897,0.230541221898436,4.8254629863941,1.39678404875832e-06,7.89121381195059e-06,"FGF13"
324.474037613846,-1.5180419007474,0.314649068511186,-4.82455552126776,1.40315827479828e-06,7.91453166209276e-06,"FCER1A"
1918.76559265191,-1.02104382392246,0.212076088680209,-4.8145164798003,1.47556727125782e-06,8.28316448287758e-06,"IFIH1"
81.8265665900983,-1.04806170128486,0.218016820043267,-4.80725157387794,1.53019385745856e-06,8.54216777004404e-06,"KLRC3"
13.7330987363956,1.01986822492432,0.213052395488838,4.78693620216889,1.69346636653622e-06,9.36090274793854e-06,"TMEM253"
71.5184065773607,-1.02425365404778,0.214122287902769,-4.78349855159816,1.7227013360926e-06,9.51130949276829e-06,"IGFBP4"
2.81183077821108,-1.32809126889218,0.278156358388024,-4.77462128347077,1.80045750836924e-06,9.87099077545628e-06,"CUX2"
3196.82844127686,1.27732982879541,0.267703384567202,4.77143698000114,1.82916213843178e-06,9.97789180429882e-06,"FOLR3"
18.5820911467101,1.13824759679395,0.238653991913098,4.76944713000409,1.84732217437184e-06,1.00613720281791e-05,"RAI2"
34.82166368528,-1.1640013139183,0.244250473569645,-4.76560514666271,1.88287673935147e-06,1.02352365962432e-05,"ROBO3"
153.906179631987,1.23981421350853,0.260565402170776,4.75816897861194,1.95356931930853e-06,1.05584164591704e-05,"SLC1A3"
22.7240811482773,1.79052407394317,0.376539117653256,4.75521397378961,1.98236341791225e-06,1.06935300759508e-05,"GYPB"
471.842428239994,-1.12595298734978,0.236932331198567,-4.75221334992121,2.01201901090789e-06,1.08369066757233e-05,"CCR3"
13.3929866611401,-1.45356118541301,0.307157144219856,-4.7323046615272,2.21984893256879e-06,1.18207375131875e-05,"TNFRSF4"
60.5302993584463,1.01759056393146,0.215870898960057,4.71388486745378,2.43038020035124e-06,1.28254895217037e-05,"LLCFC1"
27.9143474082573,1.14304908790083,0.243199094547201,4.7000548666886,2.60091601552261e-06,1.36589290565462e-05,"COL24A1"
3.57145442443261,1.55284337387324,0.331135551355778,4.68944928297609,2.7394131890713e-06,1.43062756983004e-05,"FAM47E"
48.5304436398312,1.33719979941414,0.28599415986034,4.67561925064182,2.930679140271e-06,1.51925198993445e-05,"TARM1"
3.69354715299121,1.27684544365232,0.273157289567371,4.67439637314679,2.94819449953593e-06,1.52608598451364e-05,"PRCD"
11.6731879912268,-1.03646147718913,0.222026119681782,-4.66819615041074,3.03855736381836e-06,1.56595349363623e-05,"PLCXD2"
765.700433828921,-1.19767709464168,0.256775717362505,-4.664292663433,3.09680387589894e-06,1.58784449095401e-05,"PTPRCAP"
278.477557154812,-1.06298935268076,0.228259140095744,-4.65694101990781,3.20942339984606e-06,1.64259991659393e-05,"CLEC10A"
6.41096713674271,1.40245915811051,0.301440063388046,4.65253072981581,3.27885856139536e-06,1.67752785512203e-05,"EPX"
10.6991236056541,-1.10136654565409,0.236875447894785,-4.64955973885183,3.32644327003875e-06,1.69571583483524e-05,"ELOVL4"
5414.81475746975,-1.64066657837875,0.353005845287485,-4.64770371448838,3.3565055268853e-06,1.7085680228979e-05,"IFI44L"
18.2337999610624,1.10866126709997,0.238609734746257,4.64633711729721,3.37880683380647e-06,1.71805803999759e-05,"PTH2R"
128.191287275181,-1.20397355192998,0.259385388641209,-4.64163983267138,3.45654981227626e-06,1.75316007397309e-05,"PID1"
232.516882770961,1.09366189452109,0.237035214196394,4.6139215990707,3.95141528107294e-06,1.97220833546999e-05,"SLC2A5"
60.091169309982,1.26785761936814,0.275569836572907,4.60085775401152,4.20754696978985e-06,2.08307578370833e-05,"PHF24"
11.9549602269629,-1.3154147539174,0.285954277659107,-4.60008769473819,4.22313116496563e-06,2.0893229674988e-05,"CD248"
535.123164051095,-1.30901203943836,0.284994264253211,-4.59311713822889,4.36673783921414e-06,2.15205792775541e-05,"JUP"
20.139541378465,-1.20652988740192,0.262829860107963,-4.59053582004081,4.42109572895031e-06,2.17504325492004e-05,"ZDHHC11B"
106.844471577174,-1.22316642079804,0.266632742499922,-4.58745767428919,4.48676354469877e-06,2.20147141206741e-05,"NKX3-1"
293.332956173279,1.3440545868183,0.293658377926971,4.57693254422509,4.71843523230241e-06,2.30522719913803e-05,"ANKRD34B"
221.069528729966,1.08009381477665,0.236107449728283,4.57458591848601,4.77162765463336e-06,2.32798592984017e-05,"OPLAH"
106.338569185937,-1.43944474437314,0.315736870988702,-4.55900110704731,5.13975004258108e-06,2.48521201441206e-05,"TPPP3"
386.430757533749,-1.05747522076683,0.232294244208022,-4.55230918171116,5.3060279937584e-06,2.55421709709791e-05,"MAL"
9.05049392848324,1.09138600875063,0.240151752452399,4.54456816411096,5.50479917771133e-06,2.63639090462109e-05,"SYN1"
7.61007845016585,-1.66777498739051,0.367550191510666,-4.53754351354246,5.69132896703958e-06,2.72294822226104e-05,"ANKRD45"
3.72637027735085,-1.38110341468854,0.304583261111894,-4.53440353106328,5.77664962194791e-06,2.75814954839871e-05,"NPTX1"
23.9561978828221,1.06669479230449,0.235500704981228,4.52947600470885,5.91301488600772e-06,2.81657808464668e-05,"RCVRN"
2.24182253278133,-1.69120751776878,0.375705980770909,-4.50141228600779,6.7503421949264e-06,3.16303031348563e-05,"SHD"
6.8765660949393,1.24399460272644,0.276384071426289,4.50096344665147,6.76461395873933e-06,3.16761085671775e-05,"ANKRD2"
14.5027806019068,1.3228151621875,0.294085859715702,4.49805768786805,6.85770918047476e-06,3.20481334503779e-05,"EDNRB"
117.203671824768,1.03660565645793,0.230772728853229,4.49188975495114,7.05939659167266e-06,3.29033734623446e-05,"CITED4"
5.95856611527494,-1.70281392806265,0.379555604300564,-4.48633588535876,7.24584820745778e-06,3.36499674499275e-05,"IL4"
53.4341661382962,-1.12321601187258,0.251302774498719,-4.46957266633085,7.83760288857977e-06,3.61124344997021e-05,"LILRA4"
9.25818940616956,-1.6723968235874,0.37427414321196,-4.46837392835947,7.88164421755306e-06,3.62797670778578e-05,"PNMA6A"
114.294342467155,-1.08376133576259,0.242751223021397,-4.46449382323837,8.02582638545067e-06,3.68591570309648e-05,"SMPD3"
794.105362263549,1.00781240343654,0.225816106430235,4.46297839143682,8.08282069407358e-06,3.70514752111629e-05,"LIPN"
3.97519598166379,-1.22484834207513,0.275030852404646,-4.45349433114886,8.44839397187424e-06,3.8611051269448e-05,"SLC35F3"
75.0306252024536,1.10887156722009,0.249645804040211,4.4417793100239,8.92180397801191e-06,4.04857385024759e-05,"ANLN"
9.92275093305089,-1.15197115061711,0.259364959523436,-4.44150648851629,8.93312527821572e-06,4.05240615486347e-05,"ENPP3"
6.83268350854284,1.21584004752882,0.274134514175319,4.43519507635308,9.19889516731233e-06,4.15690932993684e-05,"NOS1AP"
12.1498851329847,-1.31582224629227,0.296724467893594,-4.43449188950647,9.22896939533274e-06,4.16916251299257e-05,"ZDHHC1"
15.7691994366389,-1.5317420908685,0.345541126248809,-4.43287925665197,9.29829438921295e-06,4.19241497420834e-05,"CCL23"
39.8322449669806,-1.03186722229371,0.233201661896367,-4.42478502898603,9.65383664986388e-06,4.33468956012053e-05,"CBR3"
12.3957006135961,-1.09388573716782,0.247330801684393,-4.42276388431262,9.74462183975143e-06,4.37266629688209e-05,"SPEG"
214.121722429449,-1.19930969506602,0.271230135042168,-4.42174205635213,9.7908298186823e-06,4.39060446038299e-05,"CCL4L2"
42.4686935267718,1.54617197908988,0.349881468687231,4.4191308127612,9.90986533633544e-06,4.44115784316051e-05,"SLC2A14"
421.644662075009,1.65905297159206,0.377576329040864,4.39395386836472,1.11307445586689e-05,4.93804127303669e-05,"ZDHHC19"
5.00581253060454,-1.36396070756508,0.310640790953263,-4.39079717566871,1.12935849133287e-05,5.00082569327768e-05,"UGT2B11"
52.0170542668563,-1.11364828390708,0.254047156610602,-4.38362821597748,1.16718900892869e-05,5.15054592414823e-05,"PI16"
234.973561117195,-1.0342720352716,0.236135838123298,-4.37998756771327,1.18686080077147e-05,5.22589646339686e-05,"MATK"
18.2356579260578,1.00971169577067,0.230810873170155,4.37462794495953,1.21639762733418e-05,5.3392655978625e-05,"INAVA"
11.9165141409461,-1.61321111637347,0.368912566027979,-4.37288199136898,1.22617011474951e-05,5.37211968806611e-05,"ENHO"
4.8858987700221,-1.06523738655093,0.243997088270602,-4.36577909228795,1.26670449348969e-05,5.53422211264177e-05,"TM4SF19"
6582.00125437688,-1.13076630106932,0.259125613434785,-4.36377664901854,1.27836097371438e-05,5.57650344261165e-05,"MX1"
18.9189001256218,1.10111567000712,0.252368691758624,4.36312310506519,1.28218743920556e-05,5.58800526396734e-05,"CKLF-CMTM1"
3218.57012753568,1.21633566542316,0.279173608357015,4.35691494114185,1.31908499390545e-05,5.73108466362251e-05,"CAMP"
12.1534748864297,1.19982285987164,0.27596827410351,4.34768403639622,1.37582613047388e-05,5.93915140268904e-05,"NAV2"
15.8003530078372,1.31639249370593,0.303481024183882,4.33764350586981,1.44018500058301e-05,6.17911286790946e-05,"NR2E1"
106.411185834747,-1.04153571466494,0.240384314688173,-4.33279399288602,1.47228862810122e-05,6.29194624505495e-05,"NR4A1"
9.16733646829919,-1.13554762463905,0.262279681733537,-4.32952952029546,1.49428239592269e-05,6.37433816486548e-05,"COL6A1"
28.3278329407121,-1.24908365750614,0.289014602394464,-4.32187040778417,1.54712054398675e-05,6.57188075513214e-05,"UPK3A"
41.7871741128651,1.0476491964484,0.243788278436697,4.2973731270695,1.72834125706483e-05,7.24771675953676e-05,"MAOB"
23.8796232070003,1.01163391049316,0.23599765883782,4.28662689060133,1.81406599971179e-05,7.56442436695448e-05,"DLC1"
12.0808201910835,-1.01256827788477,0.236269064779179,-4.28565745088608,1.82199550343208e-05,7.59299516218813e-05,"TDRD6"
4.09920085784032,-1.46843432883259,0.342686439586961,-4.28506692766277,1.82684184208098e-05,7.61094073179216e-05,"CPNE7"
93.5969651136766,-1.0583724386753,0.247674902085911,-4.27323249050152,1.9265939011955e-05,7.96061820171394e-05,"ATF3"
5.42393016831742,1.10649482744356,0.259673907457749,4.26109360881242,2.0342899808098e-05,8.34443837834355e-05,"SEZ6"
64.6890750984508,1.03882968366994,0.244002209817943,4.25746014532018,2.06762505452073e-05,8.4614687825144e-05,"TROAP"
7.56488921326389,1.49602448694751,0.351885143434074,4.25145680305709,2.12384478070558e-05,8.66887976829131e-05,"STAB2"
64.2913749481253,1.1780035798954,0.277122101320478,4.25084673608582,2.12963866050962e-05,8.68156179678269e-05,"IFIT1B"
5.26209500915518,-1.03549071527337,0.243661700347081,-4.24970651439427,2.14050784909284e-05,8.72173383276983e-05,"ADGRB2"
7.72694955013158,-1.12541715511204,0.264928172785867,-4.24800859522659,2.15679121975917e-05,8.77286035981717e-05,"PKIB"
8.50468764695426,1.2924756347028,0.304629881773981,4.24277364773343,2.2077408487426e-05,8.95940914711499e-05,"STOX2"
252.323838832317,1.02080573275271,0.240889486099924,4.23765166873769,2.25869834436421e-05,9.13725514559051e-05,"OSBP2"
4.5472418009905,-1.08683995559766,0.257267353375913,-4.22455450073993,2.39413909509566e-05,9.61614020806664e-05,"ADRB1"
840.972485002614,1.35129717728542,0.320054480672607,4.2220848601951,2.42052939305043e-05,9.71106467769949e-05,"HBD"
11857.6268003833,-1.36948821585924,0.325837924228166,-4.20297366889763,2.6343124232125e-05,0.000104674173838308,"IFIT1"
44.8307325468338,1.09270662582579,0.260420820276635,4.19592651872093,2.71758350193153e-05,0.000107467728156652,"SMIM24"
34.8805352176789,1.44673842661738,0.344817373342673,4.1956657015064,2.72071291733823e-05,0.00010753112203449,"CD300LD"
21.6608926916719,-1.04567447099425,0.249495892147795,-4.19114904855755,2.77545248055537e-05,0.000109326601764118,"TNFRSF18"
43.6093666847817,1.02559430024474,0.244753234306203,4.19031970364752,2.78561684708754e-05,0.000109668122658212,"TMEM92"
19.2642948392258,3.15765863850508,0.753705374490021,4.18951323073906,2.79553483021108e-05,0.000109963946838844,"EPB41L4B"
7.93758648427714,-1.15856029368407,0.276601110602116,-4.18855980426858,2.80730335167459e-05,0.000110334460878926,"P2RX6"
7.12035185447719,1.51176776090476,0.361813049406456,4.17831187511001,2.93680767387027e-05,0.000114720321942978,"FOXQ1"
12.5792698929593,1.07983275685542,0.259579929273088,4.15992391969331,3.18353621693394e-05,0.000123366406206268,"SELENOP"
7.77100152246832,-1.08847208668376,0.261761880097133,-4.15825286050001,3.20690931166854e-05,0.000124067414062081,"FANK1"
84.479182931148,1.27110491134096,0.306019510031477,4.15367278775859,3.27180944754762e-05,0.000126266215053262,"DOC2B"
17.8376690542671,1.06189135385052,0.255669569250052,4.15337404825039,3.27608568056308e-05,0.000126396624422601,"PEX11G"
5.87174479651609,-1.14826385930196,0.276917430387468,-4.14659293095161,3.37459248176485e-05,0.000129699967452446,"BCL2L14"
3.70301246477374,-1.50437291000492,0.363714542341789,-4.13613626862143,3.5320249569708e-05,0.00013508724746026,"ALPK2"
70.7286682489466,-1.23896721867208,0.299551484848801,-4.13607436897686,3.53297733776478e-05,0.00013508724746026,"ZNF703"
433.770372720466,1.62295894612589,0.395198978321588,4.10668811194454,4.01372602942096e-05,0.000150597587346118,"C4BPA"
3.5857150402558,-1.88121823447691,0.458334290368903,-4.10446757750277,4.05247098453717e-05,0.000151738815232869,"TRIM49D1"
6.04099293091614,-1.059256401186,0.25819890032217,-4.10248223313232,4.08741250952694e-05,0.000152803508249495,"DLL1"
1480.16102847738,-1.45751987321834,0.355522271753734,-4.09965841529036,4.13760373800927e-05,0.000154515867131064,"ISG15"
8.55854601222658,-1.28452873250654,0.313685750097707,-4.09495404909671,4.22252126760147e-05,0.000157270221148572,"SEZ6L"
139.873992865298,-1.05570548371018,0.25785552889529,-4.0941743162656,4.23675482888211e-05,0.000157675318380742,"FOXH1"
4.36888947665175,-1.21505583791481,0.296844787929417,-4.09323622082164,4.25393953303562e-05,0.000158231277773157,"ASIC1"
13.0953459954231,1.12446148257638,0.274877246586524,4.09077687054912,4.29930614854907e-05,0.000159792201617136,"COL4A1"
121.245834028126,1.19444480415988,0.293348532646785,4.07175994160532,4.66592534538839e-05,0.000172028872694426,"EPB42"
3.1526235243324,-1.18951770182418,0.292706430079281,-4.06385914208304,4.82679609968814e-05,0.000177477967235401,"FGF9"
9.93422403029978,-1.00909391586248,0.248401099990983,-4.06235687321476,4.85797335317242e-05,0.000178531154267604,"CCR8"
4.99081093037309,1.49757284710578,0.369301199173635,4.05515294956209,5.01015086572425e-05,0.000183836004422017,"HEPACAM2"
5.99530348952079,-1.11235298572741,0.274632754875451,-4.05032890644045,5.11456937506966e-05,0.00018742336149475,"FBLN2"
13.4113487690163,1.36002570132071,0.338102281984304,4.02252742376889,5.75769477958637e-05,0.000207931572621123,"PRL"
6.38593569718269,-1.10859844553911,0.275599271673673,-4.02250136151214,5.7583321246815e-05,0.000207931572621123,"PTPRU"
3.55272031274894,-1.11540268377261,0.277378113757223,-4.02123537673516,5.78937200487648e-05,0.000208945316466982,"IGSF3"
747.036018434379,-1.36704541169249,0.340295617212338,-4.01722896959758,5.88865015230184e-05,0.000211606938653234,"LGALS2"
15.2932563580219,-1.60166270055898,0.399728114532137,-4.00688028269829,6.15260286196376e-05,0.00022013756811851,"CACNG6"
6.08053388479061,-1.1788142214861,0.294449508489431,-4.00345114357157,6.24250974783407e-05,0.000223014610413241,"DKK3"
476.734753720806,-1.81636029973128,0.45432201752714,-3.99795790135302,6.38913107981787e-05,0.000227675409495786,"OTOF"
59.246286245768,-1.01688651792952,0.256889498819172,-3.95845888058398,7.54349243959491e-05,0.00026420036906262,"NPDC1"
4.42263010699291,-1.77597105475562,0.449104537692114,-3.95447141078129,7.67040425658248e-05,0.000268378435498503,"TRIM64B"
10.1500170246186,-1.27041870622734,0.322267753697995,-3.94212170361258,8.07639741990561e-05,0.000280979053861759,"FXYD7"
5.53268245399203,1.07356313039034,0.272905239790967,3.93383113938244,8.36025270264281e-05,0.000289923604676931,"C5orf47"
4.6929672890958,-1.50467195817823,0.382635972394891,-3.93238499966587,8.41072191892059e-05,0.000291530312023594,"IGFBP6"
10.0894347953369,-1.38704099512708,0.35291602081286,-3.93022961080756,8.48647805900216e-05,0.000293650480970875,"CXCL11"
5328.37803132482,-1.12359925349701,0.286571276130825,-3.92083696826636,8.82419495253755e-05,0.000304513609799789,"IFI44"
5.03736269391799,2.61717434597871,0.669375746518842,3.90987328057462,9.23445519651528e-05,0.000317349935899757,"C8B"
8.61319246756035,-1.0188227454871,0.261717482534671,-3.89283411876061,9.90799030226768e-05,0.000337532841776962,"TMIE"
29.6026497087752,-1.0185129135382,0.261769756222197,-3.89087314072164,9.98841468431969e-05,0.00033986177952684,"PRSS21"
24.2218524020416,-1.10820496575953,0.28672136691131,-3.86509375878613,0.000111046533920833,0.000373869931408491,"CYP4F22"
2.95217990948166,-1.63193462676585,0.422855277860842,-3.85932188199602,0.000113702094875212,0.000381443456378986,"AJAP1"
4.21647011903267,-1.42724735347697,0.369990651606781,-3.85752274355791,0.000114542024082523,0.00038398694249887,"DPYSL4"
3.30153355531245,-1.15287913084189,0.299050950551084,-3.85512612054031,0.000115669982009897,0.000387123526489182,"TMPRSS6"
9.98117453974715,-1.02268001303267,0.26564503984948,-3.84979901605594,0.000118214787488856,0.000394515953509707,"WNT7A"
6.37813586105233,1.24094821333284,0.322597294962116,3.84674091417464,0.000119699428305023,0.000398998094350078,"IRX3"
8.8837206694391,-1.53144787271155,0.398213457066928,-3.84579638265253,0.000120161519490132,0.000400348973661849,"TRIM51"
6.7503805786551,-1.00986159866905,0.263645413641976,-3.83037802447956,0.000127946545345602,0.000423184700450593,"TNNC1"
8.71525750799603,1.02507676909014,0.26779554233898,3.82783357832216,0.000129276114570966,0.000427181157200964,"SLC6A9"
27.4104035068719,1.15248949896442,0.303048043751554,3.80299270273217,0.000142958568223649,0.000467135024645457,"MATN2"
113.858972480897,-1.14599862150179,0.303153514682938,-3.78025840373437,0.000156665676536066,0.000506853542240106,"CXCL10"
8.2098328133533,-1.08373644711996,0.287221603967445,-3.7731717675485,0.000161185233826294,0.000520059524756693,"SOX8"
5.47655997212105,-1.07065100500254,0.284503269085482,-3.76322918342584,0.000167733352874646,0.000538596841842242,"CD8B2"
6984.76749568939,-1.37411163353382,0.366017695340445,-3.75422186147506,0.000173880802649398,0.000555173466877412,"RSAD2"
58.9023559245386,-1.01722132968319,0.27399401076622,-3.71256775591023,0.000205167110926927,0.000642829573707005,"NEURL1"
17663.7028809222,-1.01995652159299,0.275119082360886,-3.70732743378034,0.000209458051359504,0.000654799760394756,"IFIT3"
4.7760598668659,-1.02085866476013,0.275832397359164,-3.70101073889034,0.000214742386846921,0.000669851722531131,"FAT4"
6.34803947680581,-1.46314300320492,0.395962056493745,-3.6951596225181,0.000219748688663266,0.000684372256039163,"SLC44A5"
6.28641852122231,-1.06455908654205,0.28903183343178,-3.68318975076948,0.000230333574044211,0.000711086778764886,"ATG9B"
8.65847838614181,-1.1638770690631,0.316164633971507,-3.68123738080074,0.000232104781605737,0.000715614085957294,"HTR6"
2083.244834701,-1.12593425439551,0.305973396290393,-3.67984363361743,0.000233377012112495,0.000718750185937717,"CMPK2"
4.94783385742876,-1.4826457460029,0.403384401441375,-3.67551581247341,0.000237369337416159,0.000730407067961058,"EXOC3L1"
24.0694018730256,-1.07875155347714,0.294066429590102,-3.66839409374546,0.000244078759426037,0.000748600287399403,"BOK"
281.358716942124,1.03303156254774,0.281919531701549,3.66427808783873,0.000248037182755276,0.000759091544182013,"AHSP"
386.494752269869,1.00653168359711,0.275693053135058,3.6509142038629,0.000261308526339077,0.000795041489120621,"GPR84"
3.46909927581108,-1.11655457815614,0.30602717969357,-3.64854709726817,0.000263727560262162,0.000801363235732987,"AIRE"
14.1293768835051,1.74233398000374,0.477596155503922,3.6481323392676,0.000264153572419249,0.000802311669624321,"RNF182"
4.15653044326133,-1.25872948405726,0.34656641444731,-3.63200076979365,0.000281232282693623,0.000847425762008799,"NRCAM"
2.95796361661436,1.44905077433136,0.401638898443584,3.60784470813624,0.000308751187425922,0.000920309759008089,"ANTXRL"
8.8022598893854,-1.03337784938154,0.287464703658821,-3.59479907003821,0.000324642029299046,0.000961573721426015,"ISM1"
6.68501573170036,1.17186155939822,0.327199381804073,3.58149075018707,0.000341639235679935,0.0010073301769625,"CDO1"
3.68672544548141,-1.29667273129632,0.363024628782532,-3.57185884507324,0.00035445645138444,0.00104004402332502,"KCNG1"
3.7540890337395,1.04752669108846,0.293658315380056,3.56716168494237,0.000360868834949613,0.00105665874572736,"CFAP43"
59.5902359083932,-1.23988272190912,0.347580604869276,-3.56718040229958,0.000360843068826128,0.00105665874572736,"MDGA1"
12.527640828914,1.10382228665314,0.310398338447683,3.55614753665695,0.000376332790407317,0.00109669679769164,"GSTM5"
3.71448993600141,-1.06135068474243,0.298530777389202,-3.55524711396415,0.000377624002801945,0.00109977722188495,"DNAI3"
8.000280002694,-1.27157097823485,0.360951244496002,-3.52283306298154,0.000426960198644727,0.00122472907143815,"SOGA3"
4.47006590759397,1.24405798631966,0.353274742565623,3.52150277510588,0.00042910817616045,0.00122938881701926,"PPARGC1A"
36.2916554026206,-1.08120488735996,0.307181383055398,-3.51976046401538,0.000431936698155961,0.00123698944654827,"LYNX1"
41.5275088483124,-1.05127272683329,0.299995357861908,-3.5042966475408,0.000457815067010688,0.00130447205140154,"H2BC17"
2.86121615570185,-2.23828718740405,0.63991022415571,-3.49781438538073,0.000469087478951793,0.00133254890694169,"C1orf87"
40.6409479059823,-1.33115621151461,0.382011175288473,-3.48460018351399,0.000492872911764647,0.00138919370409359,"NDUFC2-KCTD14"
700.574722226042,1.17583094048787,0.337710011599985,3.4817769686989,0.000498098370217455,0.00140167885687316,"CHIT1"
88.4852574749188,1.01748025915678,0.292604308769241,3.47732493563246,0.000506443653856974,0.00142260587776012,"AKR1C1"
73.9596057330473,-1.3793424280914,0.397632002473104,-3.46889188876265,0.000522609711276107,0.0014648042235688,"SIGLEC8"
10.6050788608179,-3.55399709103616,1.02581867654632,-3.46454707083478,0.000531125180949523,0.00148542155608948,"KCTD14"
2.78646951267644,-1.15069384357316,0.332506477539191,-3.46066594578606,0.000538841010316944,0.00150490977906159,"ZMAT4"
143.919121241744,-1.74762860595815,0.507527342581526,-3.44341764340986,0.000574411512088565,0.00159382792542888,"PRSS33"
15.4570464551501,1.3473245869331,0.391881685961234,3.43809020732442,0.000585832503844288,0.00161977629104514,"SFRP1"
5.34746151409279,-1.04000329885356,0.303138424387889,-3.43078677984682,0.000601833448975852,0.00165848490046348,"NPAS2"
4.36765456382605,-1.22565744497061,0.358468088651493,-3.41915356979574,0.000628162634140278,0.00172295338038476,"STOX1"
17823.0766725222,1.42715010226864,0.417469741911797,3.41857135737078,0.000629508091363706,0.0017259717858172,"DEFA3"
3290.98728657552,-1.48235806718576,0.434339148255967,-3.41290457730549,0.000642744434778077,0.00175815746185655,"IFI27"
4.35457333580618,1.11189301159949,0.326842858434778,3.40191924928159,0.000669144061487096,0.00182188209204892,"TSPAN7"
6.16929546433174,-1.01360198768737,0.301378799331647,-3.3632159592353,0.000770400704935012,0.00206289356376555,"SOAT2"
4.06693494491182,1.29535047085236,0.385959371965991,3.35618348701868,0.000790261194739921,0.00211165944128304,"LPO"
116.149471586316,-1.04705327835957,0.312177240871172,-3.35403463570127,0.000796423931273158,0.00212450079357039,"HDC"
33.1420892780237,-1.37560167458159,0.412022134557323,-3.33865964764135,0.000841836404610988,0.00222667072291512,"OLIG2"
20.4025286916977,-1.54943174586911,0.466595609540288,-3.3207165138045,0.000897866860704267,0.00235805108431,"CLEC4F"
16.3391832349813,-1.03644061433156,0.312371633609573,-3.31797289771514,0.000906732820676372,0.00237903190915896,"CNTNAP2"
3.92435052255412,-1.10161366405791,0.332038918912251,-3.31772452357923,0.000907539430563822,0.00238034820860839,"CA6"
2.71193039191784,-1.24155962235968,0.377271788799759,-3.29088911288474,0.000998712726243288,0.00259245805319969,"SFRP5"
12.5888762480015,1.07863872591827,0.330966322884989,3.25905885685264,0.00111782474889863,0.00285752349254149,"TWIST2"
8.95230058775369,-1.07053239117164,0.33160294101435,-3.22835614152565,0.00124503863244661,0.00314608937072681,"HES4"
119.570681124094,-1.32343095130866,0.411093304601356,-3.21929580583175,0.00128505847005634,0.00323156770356842,"ALOX15"
6.55238181545553,1.18571923793803,0.376502425091751,3.14930039998833,0.00163661866295366,0.00400415991682881,"IGSF23"
4.3114054945427,-1.1032353623521,0.354546939103191,-3.1116764543016,0.00186028260690258,0.00448115684486092,"SGCD"
4.36418582659893,-1.50603229622053,0.488151841508781,-3.08517180139212,0.00203434605902647,0.00485582516884345,"CLEC4O"
8.10321643426992,2.34506670444298,0.761945632420421,3.07773495202482,0.0020858034102966,0.00496351461764552,"RNA45SN2"
9.36701287819333,-1.69272923029437,0.550082099586564,-3.07723016540005,0.00208933905302909,0.00496941040803172,"LYPD2"
26.5572845355209,1.01336314810159,0.329639644163736,3.07415435625893,0.00211100179492288,0.00501247308568646,"UCHL1"
27.4542271467513,-1.47660060338066,0.481037814296929,-3.06961440347224,0.00214335299000459,0.00507987277193686,"DSP"
350.071563764485,-1.19313714746944,0.394896805017099,-3.02138972083549,0.0025161727680033,0.00584934405232907,"HLA-DQA2"
8.51986665398838,-1.50664235296097,0.505642968211666,-2.97965649218774,0.00288571786893265,0.00659418825385357,"SULT1A4"
5.69390184569226,-1.30811999450652,0.439040225679415,-2.97949918480067,0.00288719998134871,0.00659436662947048,"SYCE1"
2.97602881685222,1.08908371956098,0.366429940333505,2.9721471956406,0.00295724868026687,0.00673253092663762,"CHST1"
2.7747257863648,-1.02417919756704,0.350762076894004,-2.91986866606602,0.00350178927867595,0.00783800014877587,"SLC18A1"
5.40373551277907,-1.2152017809528,0.423011914671173,-2.87273653248616,0.00406933327550185,0.00894770690571491,"DCANP1"
3.70010303241397,1.04226040706906,0.366226324708496,2.84594617248955,0.0044279679101114,0.00964745134582799,"PPP1R1B"
9.34237899682605,1.0399607780326,0.37093389334977,2.80362834639102,0.00505311157708158,0.0108550605459795,"PRSS50"
27.1818689712832,-1.61226081762342,0.579897551891415,-2.78025111912408,0.00543168773436906,0.0115695359300469,"NBL1"
3.12226436061287,-1.08335601062815,0.401318133307452,-2.69949429321745,0.00694449467935635,0.0143387939671939,"CDK15"
12.9592088426618,-1.06883582988374,0.401232988264804,-2.66387824816222,0.00772455148093466,0.0157369885651653,"FBXO39"
3.42684328029455,1.0013140203096,0.38176038069573,2.62288616352693,0.00871883988626396,0.0174972872806522,"CTSE"
7.19875734684554,-1.21233473499865,0.462719148898619,-2.62002283217432,0.00879238800330938,0.0176150646061776,"DEFB1"
4.15949011531859,-1.15495817799134,0.446957941958551,-2.58404218734846,0.00976498491267583,0.0193215331301225,"IL34"
5.55732443372016,1.17299591131483,0.455337152039751,2.57610411551138,0.00999205539158529,0.0197154544836069,"CYP4F2"
2.91770702582313,1.28193923253311,0.504319135577369,2.54192066510718,0.0110245193890785,0.0214492513383204,"MRGPRE"
2.99593267517986,-1.46081115659896,0.587982913084478,-2.48444491173348,0.0129753582233651,0.024789531846402,"TRIM64"
2.96653665176244,-1.06456039029708,0.439484344941482,-2.42229422401571,0.0154228577521257,0.0289038826339769,"KCNK17"
23.0347310853194,2.97684317017363,1.26390069022033,2.35528249427153,0.0185086289848504,0.0338727863873934,"TBC1D3F"
9.30991604526739,-1.05504346685272,0.452646316251292,-2.33083409490734,0.0197621095394636,0.0359473435852107,"FSBP"
5.18070572204238,-1.04465758462205,0.464050570951062,-2.25117185500074,0.0243746547706502,0.0431633538201398,"VMO1"
