"category","subcategory","ID","Description","GeneRatio","BgRatio","RichFactor","FoldEnrichment","zScore","pvalue","p.adjust","qvalue","geneID","Count"
"Environmental Information Processing","Signaling molecules and interaction","hsa04060","Cytokine-cytokine receptor interaction","39/414","298/9399",0.130872483221477,2.97118470965859,7.4224921462629,7.48493734827602e-10,2.31284564061729e-07,2.13517686461347e-07,"7850/6347/3554/9173/1234/8807/1524/3625/3560/3976/959/8809/6846/388372/8718/9235/3624/8808/356/3590/6355/5618/6364/10803/3556/5008/650/133396/1232/7293/3565/6368/9560/8784/1237/5617/6373/3627/146433",39
"Organismal Systems","Immune system","hsa04640","Hematopoietic cell lineage","19/414","100/9399",0.19,4.31355072463768,7.15046605998213,5.57977316366148e-08,8.62074953785699e-06,7.95851856501191e-06,"7850/1604/2993/917/3554/2322/100133941/916/914/915/921/2323/3590/925/926/3674/3565/927/3118",19
"Environmental Information Processing","Signaling molecules and interaction","hsa04061","Viral protein interaction with cytokine and cytokine receptor","18/414","100/9399",0.18,4.08652173913043,6.66054959561919,2.9494910709818e-07,3.03797580311126e-05,2.804603790302e-05,"6347/1234/8807/1524/3560/8809/6846/388372/6355/6364/10803/1232/6368/9560/1237/6373/3627/146433",18
"Organismal Systems","Immune system","hsa04659","Th17 cell differentiation","17/414","109/9399",0.155963302752294,3.54081904002127,5.72714234456635,4.96614800864939e-06,0.000383634933668165,0.000354164765879996,"917/3554/4773/6095/916/5335/3560/2625/915/3932/919/6097/7535/30009/3556/3565/3118",17
"Organismal Systems","Immune system","hsa04660","T cell receptor signaling pathway","17/414","122/9399",0.139344262295082,3.16351865051081,5.1629227928204,2.30652953253443e-05,0.00142543525110628,0.00131593579645649,"10125/917/4773/916/5335/915/959/3932/3702/919/5521/940/7535/925/926/3565/927",17
"Human Diseases","Immune disease","hsa05340","Primary immunodeficiency","9/414","38/9399",0.236842105263158,5.37700228832952,5.80318344803442,2.98458994564665e-05,0.00153706382200803,0.00141898925486007,"916/915/959/3932/7535/925/926/927/326",9
"Organismal Systems","Immune system","hsa04658","Th1 and Th2 cell differentiation","14/414","93/9399",0.150537634408602,3.41764064204457,5.02933480987967,5.09642878247274e-05,0.00211600474773515,0.00195345694646985,"917/4773/916/5335/3560/2625/915/3932/919/7535/30009/3565/28514/3118",14
"Human Diseases","Immune disease","hsa05310","Asthma","8/414","32/9399",0.25,5.67572463768116,5.68699054279621,5.4783294439745e-05,0.00211600474773515,0.00195345694646985,"959/2206/6037/5553/2205/8288/3565/3118",8
"Cellular Processes","Cell motility","hsa04820","Cytoskeleton in muscle cells","23/414","233/9399",0.0987124463519313,2.24105865522175,4.11755294274802,0.000238815195073088,0.00819932169750935,0.00756946407775518,"23500/5318/478/2335/3908/1298/83660/84033/3680/375790/4604/3679/1292/3674/255631/3728/26287/1291/1282/2199/7134/6444/1832",23
"Human Diseases","Cardiovascular disease","hsa05412","Arrhythmogenic right ventricular cardiomyopathy","12/414","86/9399",0.13953488372093,3.16784630940344,4.33502657075563,0.000360750090291715,0.011147177790014,0.0102908709967426,"9254/5318/6546/3908/6932/3680/3679/3674/3728/59285/6444/1832",12
"Organismal Systems","Immune system","hsa04062","Chemokine signaling pathway","19/414","193/9399",0.0984455958549223,2.23500037545994,3.72108087357886,0.000845340990736458,0.0237463969215969,0.0219222400468498,"6347/1234/2790/1524/5335/7074/3702/6846/112/388372/6355/6364/10803/1232/6368/9560/1237/6373/3627",19
"Human Diseases","Cancer: overview","hsa05202","Transcriptional misregulation in cancer","19/414","201/9399",0.0945273631840796,2.14604513663566,3.52542840028575,0.00137432424913629,0.0353888494152595,0.0326703396066609,"7850/1647/7704/3248/2322/64919/1991/3560/604/4318/2078/3486/4353/1669/1667/728358/3728/1668/7102",19
"Environmental Information Processing","Signaling molecules and interaction","hsa04514","Cell adhesion molecule (CAM) interaction","16/414","160/9399",0.1,2.27028985507246,3.47863760628627,0.00180643666857512,0.0429376100453624,0.0396392175857374,"4756/923/201633/914/959/940/25945/925/926/6614/3680/23114/927/4897/26047/3118",16
"Cellular Processes","Transport and catabolism","hsa04145","Phagocytosis","22/414","259/9399",0.0849420849420849,1.92843153712719,3.25226195345173,0.00238171272648183,0.052567802320206,0.0485296352538778,"114876/4317/55176/1991/4360/249/566/2204/4318/1511/5657/3934/671/4353/1669/4973/1667/728358/4057/1780/1668/3118",22
"Environmental Information Processing","Signal transduction","hsa04151","PI3K-Akt signaling pathway","27/414","362/9399",0.074585635359116,1.69331011289935,2.88754345928952,0.00509067863055664,0.101616490760015,0.0938104888297191,"2790/1942/2322/596/3560/5159/54541/2335/5521/3908/1298/2323/356/5618/3680/374/3679/1292/5008/3674/2263/3565/3164/1291/1282/2254/5617",27
"Metabolism","Energy metabolism","hsa00910","Nitrogen metabolism","4/414","17/9399",0.235294117647059,5.34185848252344,3.84601754081394,0.00558959484730316,0.101616490760015,0.0938104888297191,"762/759/761/765",4
"Environmental Information Processing","Signaling molecules and interaction","hsa04512","ECM-receptor interaction","10/414","89/9399",0.112359550561798,2.55088747760951,3.15543546469239,0.00559055127158658,0.101616490760015,0.0938104888297191,"2335/3908/1298/3680/375790/3679/1292/3674/1291/1282",10
"Human Diseases","Cancer: overview","hsa05235","PD-L1 expression and PD-1 checkpoint pathway in cancer","10/414","90/9399",0.111111111111111,2.52254428341385,3.11529029934116,0.00604994724560376,0.103647815713314,0.0956857709361543,"10125/917/4773/916/5335/915/3932/919/940/7535",10
"Human Diseases","Cardiovascular disease","hsa05414","Dilated cardiomyopathy","11/414","105/9399",0.104761904761905,2.3783988957902,3.04878698764095,0.00637316666198371,0.103647815713314,0.0956857709361543,"9254/6546/112/3908/3680/3679/3674/153/59285/7134/6444",11
"Human Diseases","Immune disease","hsa05321","Inflammatory bowel disease","8/414","66/9399",0.121212121212121,2.75186649099693,3.06564025898906,0.00810588149894206,0.125235869158655,0.115615467695437,"6095/8807/2625/8809/6097/30009/3565/3118",8
"Human Diseases","Infectious disease: bacterial","hsa05150","Staphylococcus aureus infection","10/414","99/9399",0.101010101010101,2.29322207583077,2.77656652117487,0.0116285759725134,0.163328635250303,0.150782013806275,"2204/1669/1667/728358/629/717/820/1668/3118/1672",10
"Human Diseases","Cardiovascular disease","hsa05410","Hypertrophic cardiomyopathy","10/414","99/9399",0.101010101010101,2.29322207583077,2.77656652117487,0.0116285759725134,0.163328635250303,0.150782013806275,"9254/6546/3908/3680/3679/3674/1636/59285/7134/6444",10
"Metabolism","Amino acid metabolism","hsa00340","Histidine metabolism","4/414","22/9399",0.181818181818182,4.12779973649539,3.15266025202102,0.014441998971129,0.186515830348098,0.172188008939991,"4128/57571/4129/3067",4
"Organismal Systems","Digestive system","hsa04974","Protein digestion and absorption","10/414","103/9399",0.0970873786407767,2.20416490783734,2.63763909764205,0.0150902775362538,0.186515830348098,0.172188008939991,"6546/478/1298/1308/7512/8645/1292/255631/1291/1282",10
"Human Diseases","Infectious disease: parasitic","hsa05146","Amoebiasis","10/414","103/9399",0.0970873786407767,2.20416490783734,2.63763909764205,0.0150902775362538,0.186515830348098,0.172188008939991,"383/7850/3554/5273/2335/3908/1511/9630/1282/732",10
"Human Diseases","Infectious disease: viral","hsa05162","Measles","12/414","136/9399",0.0882352941176471,2.00319693094629,2.52952320132326,0.0166917576614681,0.188540930855877,0.174057544751977,"917/596/916/3560/915/51284/940/356/4939/4940/64135/4599",12
"Organismal Systems","Excretory system","hsa04964","Proximal tubule bicarbonate reclamation","4/414","23/9399",0.173913043478261,3.94833018273472,3.0387158230154,0.0168888317037967,0.188540930855877,0.174057544751977,"762/358/478/8671",4
"Environmental Information Processing","Signal transduction","hsa04064","NF-kappa B signaling pathway","10/414","105/9399",0.0952380952380952,2.16218081435473,2.57054888458787,0.0170846150937364,0.188540930855877,0.174057544751977,"1647/3554/596/5335/959/3932/128178/388372/7535/9560",10
"Cellular Processes","Transport and catabolism","hsa04148","Efferocytosis","13/414","157/9399",0.0828025477707006,1.87985784177975,2.38637232241724,0.0210973955234296,0.223938998704347,0.206736394647856,"383/558/6513/4773/1524/4240/5031/100133941/55423/5627/338440/55576/246",13
"Human Diseases","Infectious disease: parasitic","hsa05144","Malaria","6/414","50/9399",0.12,2.72434782608696,2.62413483398925,0.0217416503596454,0.223938998704347,0.206736394647856,"6347/2993/22914/959/100528032/2994",6
"Metabolism","Metabolism of cofactors and vitamins","hsa00730","Thiamine metabolism","3/414","15/9399",0.2,4.54057971014493,2.9456751864847,0.0260067677850112,0.259228749857048,0.239315248547981,"27010/249/26289",3
"Human Diseases","Immune disease","hsa05330","Allograft rejection","5/414","39/9399",0.128205128205128,2.91062801932367,2.56642969525861,0.0271626008757601,0.262288864706558,0.242140290701677,"959/940/356/3565/3118",5
"Metabolism","Amino acid metabolism","hsa00360","Phenylalanine metabolism","3/414","16/9399",0.1875,4.25679347826087,2.79858307321194,0.0309869069583737,0.286835056369312,0.264800886649918,"4128/259307/4129",3
"Environmental Information Processing","Signal transduction","hsa04020","Calcium signaling pathway","18/414","254/9399",0.0708661417322835,1.6088668264293,2.11157332066304,0.0315611388885327,0.286835056369312,0.264800886649918,"444/80271/4773/3274/5335/5159/6546/814/6261/9630/57105/2263/1910/153/9127/2254/7134/3362",18
"Human Diseases","Infectious disease: parasitic","hsa05142","Chagas disease","9/414","103/9399",0.087378640776699,1.98374841705361,2.15483217470956,0.0374511654114298,0.330640288918051,0.305241077488646,"6347/917/916/915/919/5521/356/9630/1636",9
NA,NA,"hsa04518","Integrin signaling","12/414","154/9399",0.0779220779220779,1.7690570299266,2.06549571926261,0.0391213654557881,0.335791720162181,0.309996784752005,"5159/2335/3908/1298/83660/3680/3679/1292/3674/10979/1291/1282",12
"Human Diseases","Cancer: specific types","hsa05215","Prostate cancer","9/414","106/9399",0.0849056603773585,1.92760459392945,2.06156344595683,0.0437500096783604,0.365371702449009,0.337304484291199,"7850/596/5159/4318/2078/6932/2263/2352/4824",9
"Organismal Systems","Endocrine system","hsa03320","PPAR signaling pathway","7/414","76/9399",0.0921052631578947,2.09105644546148,2.04991108287888,0.0493704894547539,0.401460032671552,0.370620571807155,"440503/729359/4023/2167/2169/4973/11001",7
"Organismal Systems","Environmental adaptation","hsa04710","Circadian rhythm","4/414","34/9399",0.117647058823529,2.67092924126172,2.09508900210196,0.0607343593509315,0.476447433628402,0.439847571157543,"5187/6095/6097/4862",4
"Metabolism","Metabolism of cofactors and vitamins","hsa00770","Pantothenate and CoA biosynthesis","3/414","21/9399",0.142857142857143,3.24327122153209,2.20899721458091,0.06265423743057,0.476447433628402,0.439847571157543,"586/8876/5169",3
"Human Diseases","Substance dependence","hsa05030","Cocaine addiction","5/414","49/9399",0.102040816326531,2.31662230109435,1.98340905540217,0.0632179442678462,0.476447433628402,0.439847571157543,"4128/8851/4129/6570/84152",5
"Metabolism","Amino acid metabolism","hsa00330","Arginine and proline metabolism","5/414","50/9399",0.1,2.27028985507246,1.93314353840274,0.0678264213687574,0.478715728792498,0.441941619835691,"383/4128/8974/57571/4129",5
"Organismal Systems","Immune system","hsa04672","Intestinal immune network for IgA production","5/414","50/9399",0.1,2.27028985507246,1.93314353840274,0.0678264213687574,0.478715728792498,0.441941619835691,"959/940/10803/3565/3118",5
"Organismal Systems","Immune system","hsa04650","Natural killer cell mediated cytotoxicity","10/414","133/9399",0.075187969924812,1.70698485343794,1.76257916539903,0.068589905193925,0.478715728792498,0.441941619835691,"4773/22914/5335/3932/919/259197/7535/356/100528032/3823",10
"Human Diseases","Infectious disease: viral","hsa05166","Human T-cell leukemia virus 1 infection","15/414","224/9399",0.0669642857142857,1.52028338509317,1.69168609696555,0.069715882833859,0.478715728792498,0.441941619835691,"7850/6513/917/3554/4773/2114/916/3560/915/3932/112/83660/4488/8829/3118",15
"Metabolism","Carbohydrate metabolism","hsa00500","Starch and sucrose metabolism","4/414","36/9399",0.111111111111111,2.52254428341385,1.96459268148614,0.0721049984388722,0.484357489513294,0.447149990318864,"5836/2992/8972/5169",4
"Organismal Systems","Circulatory system","hsa04261","Adrenergic signaling in cardiomyocytes","11/414","154/9399",0.0714285714285714,1.62163561076605,1.66955848918125,0.0775029304470805,0.49946511796445,0.461097077051153,"9254/596/6546/478/6331/112/5521/3753/153/59285/7134",11
"Organismal Systems","Digestive system","hsa04979","Cholesterol metabolism","5/414","52/9399",0.0961538461538462,2.18297101449275,1.83610918949778,0.0775868144410796,0.49946511796445,0.461097077051153,"255738/6272/4023/4018/8435",5
"Human Diseases","Infectious disease: viral","hsa05164","Influenza A","12/414","173/9399",0.069364161849711,1.57476752953003,1.63782464590976,0.0798514120205597,0.50355278192557,0.464870733782421,"6347/7098/51284/356/4939/4940/56000/64135/4599/3627/91543/3118",12
"Metabolism","Metabolism of cofactors and vitamins","hsa00760","Nicotinate and nicotinamide metabolism","4/414","38/9399",0.105263157894737,2.38977879481312,1.84261756499259,0.0844780759565838,0.513413522524773,0.473973989453972,"23408/4837/23057/5169",4
"Cellular Processes","Cell motility","hsa04814","Motor proteins","13/414","194/9399",0.0670103092783505,1.52132825339907,1.57492211320487,0.0866822282065091,0.513413522524773,0.473973989453972,"4430/55605/92558/4646/55582/124602/55083/196385/1780/1768/64446/7134/126820",13
"Human Diseases","Cardiovascular disease","hsa05416","Viral myocarditis","6/414","70/9399",0.0857142857142857,1.94596273291925,1.7051569164276,0.0871630744370045,0.513413522524773,0.473973989453972,"1604/959/3908/940/6444/3118",6
"Human Diseases","Immune disease","hsa05320","Autoimmune thyroid disease","5/414","54/9399",0.0925925925925926,2.10212023617821,1.74339202029495,0.0880612190738284,0.513413522524773,0.473973989453972,"959/940/356/3565/3118",5
"Organismal Systems","Immune system","hsa04610","Complement and coagulation cascades","7/414","89/9399",0.0786516853932584,1.78562123432666,1.59842486344061,0.0968179223870369,0.554013666992489,0.511455301498772,"1604/11326/5627/629/717/722/732",7
"Organismal Systems","Digestive system","hsa04976","Bile secretion","7/414","90/9399",0.0777777777777778,1.76578099838969,1.56687075817207,0.101248095940339,0.568830211737538,0.52513366506855,"200931/6513/358/478/112/8671/10720",7
"Human Diseases","Infectious disease: viral","hsa05171","Coronavirus disease","15/414","239/9399",0.0627615062761506,1.42486810987812,1.42811834673522,0.106052936652858,0.585184954030949,0.540232064528656,"6347/7098/5335/51284/4939/4940/1636/8829/629/717/64135/4599/9636/732/3627",15
"Metabolism","Amino acid metabolism","hsa00380","Tryptophan metabolism","4/414","42/9399",0.0952380952380952,2.16218081435473,1.62027556417376,0.112064304188091,0.607506491124913,0.560838899999494,"4128/259307/3620/4129",4
"Organismal Systems","Endocrine system","hsa04923","Regulation of lipolysis in adipocytes","5/414","59/9399",0.0847457627118644,1.92397445345124,1.52816898663053,0.117247978224308,0.62464871157433,0.576664284914473,"51099/8660/112/2167/153",5
"Organismal Systems","Immune system","hsa04657","IL-17 signaling pathway","7/414","94/9399",0.074468085106383,1.69064138143694,1.44449879814508,0.12004744054302,0.628723036064294,0.580425626889537,"6347/6279/4318/3934/6364/3565/3627",7
"Environmental Information Processing","Signal transduction","hsa04630","JAK-STAT signaling pathway","11/414","168/9399",0.0654761904761905,1.48649930986888,1.36575042423961,0.122463416035172,0.630686592581137,0.582238346412836,"9063/596/3560/5159/3976/3590/5618/5008/133396/3565/5617",11
"Environmental Information Processing","Signal transduction","hsa04392","Hippo signaling pathway - multiple species","3/414","29/9399",0.103448275862069,2.34857571214393,1.56121741631799,0.133643717261156,0.672995697590055,0.621297339624953,"7005/10413/79633",3
"Environmental Information Processing","Membrane transport","hsa02010","ABC transporters","4/414","45/9399",0.0888888888888889,2.01803542673108,1.46936373054425,0.135034735438781,0.672995697590055,0.621297339624953,"85320/225/154664/1672",4
"Metabolism","Lipid metabolism","hsa00590","Arachidonic acid metabolism","5/414","63/9399",0.0793650793650794,1.80181734529561,1.37064236194763,0.14347232549214,0.692702321516737,0.639490135006083,"3248/247/874/246/8529",5
"Human Diseases","Cancer: specific types","hsa05217","Basal cell carcinoma","5/414","63/9399",0.0793650793650794,1.80181734529561,1.37064236194763,0.14347232549214,0.692702321516737,0.639490135006083,"1647/5727/6932/650/7476",5
"Human Diseases","Infectious disease: viral","hsa05165","Human papillomavirus infection","19/414","333/9399",0.0570570570570571,1.29536057796927,1.17794669706639,0.148872710983707,0.702230144265557,0.648286046996989,"7098/5159/122011/2335/5521/3908/1298/356/6932/3680/3679/1292/3674/4599/1291/9636/1282/7476/57801",19
"Human Diseases","Infectious disease: viral","hsa05160","Hepatitis C","10/414","156/9399",0.0641025641025641,1.45531400966184,1.23090826066683,0.150200025186849,0.702230144265557,0.648286046996989,"7098/5521/356/4939/4940/4599/439996/3434/3627/91543",10
"Organismal Systems","Immune system","hsa04612","Antigen processing and presentation","6/414","82/9399",0.0731707317073171,1.66118769883351,1.29078079088728,0.152263494064053,0.702230144265557,0.648286046996989,"8302/925/926/3823/927/3118",6
"Human Diseases","Infectious disease: bacterial","hsa05135","Yersinia infection","9/414","138/9399",0.0652173913043478,1.48062381852552,1.22088495189757,0.154796156716521,0.703411947432426,0.649377066101813,"6347/4773/5335/3932/2335/7535/925/926/927",9
NA,NA,"hsa04382","Cornified envelope formation","13/414","217/9399",0.0599078341013825,1.36008147999733,1.15191612525564,0.161265411565598,0.722188582228548,0.666711312498506,"51099/7357/6283/5318/6279/5521/1308/3852/6785/3728/1282/126410/1832",13
"Environmental Information Processing","Signal transduction","hsa04014","Ras signaling pathway","14/414","238/9399",0.0588235294117647,1.33546462063086,1.12518157447625,0.165758553444402,0.731705614490289,0.675497262908767,"10125/2790/1942/2322/2114/5335/7074/5159/2323/7535/5924/356/2263/2254",14
"Environmental Information Processing","Signal transduction","hsa04010","MAPK signaling pathway","17/414","300/9399",0.0566666666666667,1.28649758454106,1.08253914564663,0.17201606414966,0.745829372977978,0.6885360588555,"1647/9254/10125/8569/3554/1942/2322/5159/2323/5924/356/3556/374/2263/3164/2254/59285",17
"Human Diseases","Cancer: specific types","hsa05221","Acute myeloid leukemia","5/414","68/9399",0.0735294117647059,1.66933077578858,1.18902231716715,0.179420190255599,0.745829372977978,0.6885360588555,"7704/2322/6932/4353/3728",5
"Organismal Systems","Circulatory system","hsa04260","Cardiac muscle contraction","6/414","87/9399",0.0689655172413793,1.56571714142929,1.13787965142969,0.184370874632803,0.745829372977978,0.6885360588555,"444/9254/6546/478/59285/7134",6
"Cellular Processes","Cellular community - eukaryotes","hsa04510","Focal adhesion","12/414","203/9399",0.0591133004926108,1.34204326408224,1.05751961154086,0.184650565457459,0.745829372977978,0.6885360588555,"596/5159/2335/3908/1298/83660/3680/3679/1292/3674/1291/1282",12
"Organismal Systems","Immune system","hsa04664","Fc epsilon RI signaling pathway","5/414","69/9399",0.072463768115942,1.64513757613947,1.15450259082813,0.186985319484051,0.745829372977978,0.6885360588555,"5335/241/2206/2205/3565",5
"Organismal Systems","Endocrine system","hsa04924","Renin secretion","5/414","69/9399",0.072463768115942,1.64513757613947,1.15450259082813,0.186985319484051,0.745829372977978,0.6885360588555,"358/112/3778/1636/153",5
"Human Diseases","Substance dependence","hsa05031","Amphetamine addiction","5/414","69/9399",0.072463768115942,1.64513757613947,1.15450259082813,0.186985319484051,0.745829372977978,0.6885360588555,"4128/814/4129/6570/84152",5
"Organismal Systems","Development and regeneration","hsa04360","Axon guidance","11/414","184/9399",0.0597826086956522,1.35723850031506,1.05045716929214,0.188267608712888,0.745829372977978,0.6885360588555,"4773/1942/5727/4756/5335/10501/57522/2048/59277/8829/64221",11
"Human Diseases","Infectious disease: viral","hsa05169","Epstein-Barr virus infection","12/414","205/9399",0.0585365853658537,1.32895015906681,1.02214764351912,0.193299017347228,0.756068308358146,0.697988457043289,"1647/917/8819/596/916/915/919/4939/4940/9636/3627/3118",12
"Environmental Information Processing","Signal transduction","hsa04022","cGMP-PKG signaling pathway","10/414","166/9399",0.0602409638554217,1.36764449100751,1.02581616638893,0.196527809110339,0.759088662688684,0.700776793011866,"8660/4773/5138/6546/478/112/5581/3778/1910/153",10
"Metabolism","Nucleotide metabolism","hsa00230","Purine metabolism","8/414","128/9399",0.0625,1.41893115942029,1.02433782087244,0.202635132207706,0.761292370521087,0.70281121584471,"11164/131870/5152/5138/112/5149/26289/5169",8
"Organismal Systems","Excretory system","hsa04961","Endocrine and other factor-regulated calcium reabsorption","4/414","53/9399",0.0754716981132075,1.71342630571507,1.11797737697961,0.20413117121049,0.761292370521087,0.70281121584471,"6546/478/112/9365",4
"Human Diseases","Endocrine and metabolic disease","hsa04931","Insulin resistance","7/414","109/9399",0.0642201834862385,1.457984310597,1.03232119133723,0.204489536418285,0.761292370521087,0.70281121584471,"6513/8660/5836/9882/5581/11001/10891",7
"Metabolism","Amino acid metabolism","hsa00270","Cysteine and methionine metabolism","4/414","54/9399",0.0740740740740741,1.68169618894257,1.07834304920228,0.213416767381422,0.785068822867375,0.724761202510846,"586/875/259307/1036",4
"Metabolism","Amino acid metabolism","hsa00350","Tyrosine metabolism","3/414","37/9399",0.0810810810810811,1.84077555816686,1.09990574849885,0.221891358638513,0.802781277104443,0.741113016846548,"4128/259307/4129",3
"Organismal Systems","Digestive system","hsa04970","Salivary secretion","6/414","93/9399",0.0645161290322581,1.46470313230482,0.96670596899969,0.226025796466299,0.802781277104443,0.741113016846548,"478/112/3778/820/153/4025",6
"Human Diseases","Cancer: specific types","hsa05222","Small cell lung cancer","6/414","93/9399",0.0645161290322581,1.46470313230482,0.96670596899969,0.226025796466299,0.802781277104443,0.741113016846548,"1647/596/2335/3908/3674/1282",6
"Metabolism","Glycan biosynthesis and metabolism","hsa00532","Glycosaminoglycan biosynthesis - chondroitin sulfate / dermatan sulfate","2/414","21/9399",0.0952380952380952,2.16218081435473,1.14442433759552,0.235930057156926,0.828436223426024,0.7647971948508,"55790/55454",2
"Organismal Systems","Nervous system","hsa04726","Serotonergic synapse","7/414","115/9399",0.0608695652173913,1.38191556395715,0.884519805444044,0.243358384610328,0.841295907683652,0.776669020549377,"4128/2790/247/4129/3362/246/6570",7
NA,NA,"hsa04517","IgSF CAM signaling","16/414","299/9399",0.0535117056856187,1.21487082545684,0.81049660574787,0.245037643014656,0.841295907683652,0.776669020549377,"342035/56253/3742/201633/914/5335/57522/3932/940/25945/23114/3556/8829/64221/4897/26047",16
NA,NA,"hsa04082","Neuroactive ligand signaling","11/414","199/9399",0.0552763819095477,1.25493409074357,0.780224151452295,0.261717088709314,0.861301553348058,0.795137867338864,"2790/3274/5031/112/2570/6507/153/9127/6536/3362/6570",11
"Organismal Systems","Endocrine system","hsa04925","Aldosterone synthesis and secretion","6/414","98/9399",0.0612244897959184,1.38997338065661,0.832994299175766,0.262830920697613,0.861301553348058,0.795137867338864,"5138/478/112/814/5581/3164",6
"Metabolism","Metabolism of terpenoids and polyketides","hsa00900","Terpenoid backbone biosynthesis","2/414","23/9399",0.0869565217391304,1.97416509136736,1.00402963504634,0.269089061588656,0.861301553348058,0.795137867338864,"3422/23590",2
"Organismal Systems","Endocrine system","hsa04614","Renin-angiotensin system","2/414","23/9399",0.0869565217391304,1.97416509136736,1.00402963504634,0.269089061588656,0.861301553348058,0.795137867338864,"1511/1636",2
"Metabolism","Amino acid metabolism","hsa00260","Glycine, serine and threonine metabolism","3/414","41/9399",0.0731707317073171,1.66118769883351,0.910718215702384,0.269591402979826,0.861301553348058,0.795137867338864,"4128/875/4129",3
"Human Diseases","Infectious disease: viral","hsa05168","Herpes simplex virus 1 infection","10/414","180/9399",0.0555555555555556,1.26127214170692,0.759707301743268,0.270167645085689,0.861301553348058,0.795137867338864,"6347/7098/596/6732/356/4939/4940/56000/64135/3118",10
"Organismal Systems","Sensory system","hsa04750","Inflammatory mediator regulation of TRP channels","6/414","99/9399",0.0606060606060606,1.37593324549846,0.807134121165619,0.270376215775927,0.861301553348058,0.795137867338864,"3554/5335/112/5581/3556/41",6
"Human Diseases","Drug resistance: antineoplastic","hsa01521","EGFR tyrosine kinase inhibitor resistance","5/414","80/9399",0.0625,1.41893115942029,0.807721887535833,0.276530456605206,0.865755435462473,0.799249609982389,"558/596/5335/5159/2263",5
"Organismal Systems","Nervous system","hsa04722","Neurotrophin signaling pathway","7/414","120/9399",0.0583333333333333,1.32433574879227,0.7675270773685,0.277377955051084,0.865755435462473,0.799249609982389,"11213/596/6272/5335/814/356/4145",7
"Environmental Information Processing","Signaling molecules and interaction","hsa04080","Neuroactive ligand-receptor interaction","19/414","371/9399",0.0512129380053908,1.16268213602094,0.686261911893158,0.280259424798427,0.866001622627141,0.799476885477619,"117579/3274/5031/3001/1511/2570/222642/5618/1135/57105/53637/134864/5746/1910/153/9127/5617/3362/66004",19
"Human Diseases","Endocrine and metabolic disease","hsa04933","AGE-RAGE signaling pathway in diabetic complications","6/414","101/9399",0.0594059405940594,1.3486870426173,0.756241620012753,0.285621224985783,0.873831272481258,0.806705075259482,"6347/596/5335/2335/5581/1282",6
"Organismal Systems","Digestive system","hsa04975","Fat digestion and absorption","3/414","43/9399",0.0697674418604651,1.58392315470172,0.823765630861066,0.293873350353448,0.884742641182181,0.816778251610871,"84649/8613/2169",3
"Human Diseases","Immune disease","hsa05322","Systemic lupus erythematosus","8/414","143/9399",0.0559440559440559,1.27009222661397,0.69859790852089,0.294914213727394,0.884742641182181,0.816778251610871,"1991/959/940/1511/717/732/8348/3118",8
"Organismal Systems","Immune system","hsa04623","Cytosolic DNA-sensing pathway","5/414","83/9399",0.0602409638554217,1.36764449100751,0.722123068766087,0.30240383986534,0.898488331907596,0.829468022302704,"388372/653082/29800/9560/3627",5
"Human Diseases","Endocrine and metabolic disease","hsa04940","Type I diabetes mellitus","3/414","44/9399",0.0681818181818182,1.54792490118577,0.781959626476152,0.306070777037316,0.900722572424102,0.831530632352007,"940/356/3118",3
"Human Diseases","Immune disease","hsa05332","Graft-versus-host disease","3/414","45/9399",0.0666666666666667,1.51352657004831,0.741189645160647,0.318287637151497,0.923698922332807,0.852741979057028,"940/356/3118",3
"Metabolism","Global and overview maps","hsa01232","Nucleotide metabolism","5/414","85/9399",0.0588235294117647,1.33546462063086,0.666878814362059,0.319856908380616,0.923698922332807,0.852741979057028,"131870/7378/26289/5169/129607",5
"Metabolism","Lipid metabolism","hsa00140","Steroid hormone biosynthesis","4/414","66/9399",0.0606060606060606,1.37593324549846,0.657856119752979,0.331344928705942,0.939317274955377,0.867160557018931,"412/1588/10720/1645",4
"Metabolism","Lipid metabolism","hsa00561","Glycerolipid metabolism","4/414","66/9399",0.0606060606060606,1.37593324549846,0.657856119752979,0.331344928705942,0.939317274955377,0.867160557018931,"160851/84649/4023/8613",4
"Human Diseases","Cancer: specific types","hsa05226","Gastric cancer","8/414","150/9399",0.0533333333333333,1.21082125603865,0.558690757012233,0.341083032663313,0.958133246299669,0.884531118198638,"1647/596/122011/6932/2263/3728/2254/7476",8
"Organismal Systems","Immune system","hsa04620","Toll-like receptor signaling pathway","6/414","109/9399",0.055045871559633,1.24970083765457,0.562839076014318,0.348116366997635,0.965052040796011,0.890918422945729,"7098/51284/388372/9560/6373/3627",6
"Metabolism","Glycan biosynthesis and metabolism","hsa00601","Glycosphingolipid biosynthesis - lacto and neolacto series","2/414","28/9399",0.0714285714285714,1.62163561076605,0.707099910438974,0.351343953109089,0.965052040796011,0.890918422945729,"84002/8707",2
"Organismal Systems","Digestive system","hsa04973","Carbohydrate digestion and absorption","3/414","48/9399",0.0625,1.41893115942029,0.624587234942912,0.354927949328632,0.965052040796011,0.890918422945729,"478/8972/6518",3
"Environmental Information Processing","Signal transduction","hsa04350","TGF-beta signaling pathway","6/414","110/9399",0.0545454545454545,1.23833992094862,0.53971874556417,0.356038616992703,0.965052040796011,0.890918422945729,"3625/4756/3624/650/9241/4681",6
"Human Diseases","Cancer: overview","hsa05207","Chemical carcinogenesis - receptor activation","11/414","217/9399",0.0506912442396313,1.15083817538235,0.482537803744759,0.359880838026799,0.966984164785051,0.892702124533295,"688/596/112/604/54852/253152/10720/153/28514/2254/2949",11
"Organismal Systems","Aging","hsa04211","Longevity regulating pathway","5/414","90/9399",0.0555555555555556,1.26127214170692,0.534591064059338,0.363908690555606,0.969377460186916,0.894911571148541,"8660/112/9365/814/10891",5
"Metabolism","Global and overview maps","hsa01240","Biosynthesis of cofactors","8/414","154/9399",0.051948051948052,1.1793713532844,0.481746798937168,0.367939682988784,0.971738137124224,0.897090904992896,"23057/27010/586/249/26289/3620/10720/129607",8
"Human Diseases","Cancer: overview","hsa05230","Central carbon metabolism in cancer","4/414","71/9399",0.0563380281690141,1.27903653806899,0.5065879217162,0.381958867161704,0.998081391339318,0.921410516276461,"6513/2322/5159/2263",4
"Environmental Information Processing","Signal transduction","hsa04310","Wnt signaling pathway","9/414","178/9399",0.050561797752809,1.14789936492428,0.4276083227227,0.384374386955919,0.998081391339318,0.921410516276461,"23500/4773/122011/7089/6932/59352/7476/6422/6425",9
"Metabolism","Carbohydrate metabolism","hsa00053","Ascorbate and aldarate metabolism","2/414","31/9399",0.0645161290322581,1.46470313230482,0.556277963287365,0.399229093157007,0.999999744496914,0.923181504883883,"9365/10720",2
"Metabolism","Xenobiotics biodegradation and metabolism","hsa00982","Drug metabolism - cytochrome P450","4/414","73/9399",0.0547945205479452,1.2439944411356,0.449213197224265,0.402125069188236,0.999999744496914,0.923181504883883,"4128/10720/4129/2949",4
"Cellular Processes","Cell growth and death","hsa04215","Apoptosis - multiple species","2/414","32/9399",0.0625,1.41893115942029,0.509537606749951,0.41482953140947,0.999999744496914,0.923181504883883,"596/666",2
NA,NA,"hsa04519","Cadherin signaling","19/414","404/9399",0.047029702970297,1.06771057540537,0.298610760353949,0.417587890475455,0.999999744496914,0.923181504883883,"4430/23500/79838/5318/5159/51466/6331/122011/2570/7005/6932/10413/3852/3728/259236/7476/79633/1832/84152",19
"Environmental Information Processing","Signal transduction","hsa04371","Apelin signaling pathway","7/414","140/9399",0.05,1.13514492753623,0.345812410943701,0.421169283081063,0.999999744496914,0.923181504883883,"2790/6546/112/814/5581/6261/10891",7
"Organismal Systems","Environmental adaptation","hsa04713","Circadian entrainment","5/414","97/9399",0.0515463917525773,1.17025250261467,0.361784581534458,0.425662800984935,0.999999744496914,0.923181504883883,"5187/2790/112/6261/9722",5
"Environmental Information Processing","Signal transduction","hsa04668","TNF signaling pathway","6/414","119/9399",0.0504201680672269,1.14468396054074,0.340940607989983,0.427510884015291,0.999999744496914,0.923181504883883,"6347/3976/8809/4318/6364/3627",6
"Human Diseases","Cancer: specific types","hsa05214","Glioma","4/414","76/9399",0.0526315789473684,1.19488939740656,0.366164314725547,0.432134683990247,0.999999744496914,0.923181504883883,"1647/5335/5159/814",4
"Human Diseases","Cardiovascular disease","hsa05418","Fluid shear stress and atherosclerosis","7/414","142/9399",0.0492957746478873,1.11915697081037,0.307105323404179,0.43569844491956,0.999999744496914,0.923181504883883,"7850/6347/3554/596/4318/3674/2949",7
"Metabolism","Lipid metabolism","hsa00600","Sphingolipid metabolism","3/414","55/9399",0.0545454545454545,1.23833992094862,0.380513939455592,0.438945746872162,0.999999744496914,0.923181504883883,"7357/8613/55512",3
"Organismal Systems","Immune system","hsa04621","NOD-like receptor signaling pathway","9/414","187/9399",0.0481283422459893,1.09265287142525,0.274701842259657,0.441473776733017,0.999999744496914,0.923181504883883,"6347/596/1669/1667/728358/4939/4940/820/1668",9
"Human Diseases","Drug resistance: antineoplastic","hsa01522","Endocrine resistance","5/414","99/9399",0.0505050505050505,1.14661103791539,0.314776021163305,0.44314278758576,0.999999744496914,0.923181504883883,"596/112/4318/2852/28514",5
"Human Diseases","Cancer: overview","hsa05231","Choline metabolism in cancer","5/414","99/9399",0.0505050505050505,1.14661103791539,0.314776021163305,0.44314278758576,0.999999744496914,0.923181504883883,"160851/5335/5159/8613/204962",5
"Cellular Processes","Cellular community - eukaryotes","hsa04550","Signaling pathways regulating pluripotency of stem cells","7/414","144/9399",0.0486111111111111,1.10361312399356,0.268946968137521,0.450175710480257,0.999999744496914,0.923181504883883,"3625/3976/3624/8820/6932/2263/7476",7
"Environmental Information Processing","Signal transduction","hsa04340","Hedgehog signaling pathway","3/414","56/9399",0.0535714285714286,1.21622670807453,0.348352575470924,0.450641332923651,0.999999744496914,0.923181504883883,"5727/596/122011",3
"Organismal Systems","Endocrine system","hsa04919","Thyroid hormone signaling pathway","6/414","122/9399",0.0491803278688525,1.11653599429793,0.278096211928995,0.451156284126664,0.999999744496914,0.923181504883883,"5208/6513/10231/5335/478/9882",6
"Environmental Information Processing","Signal transduction","hsa04015","Rap1 signaling pathway","10/414","212/9399",0.0471698113207547,1.07089144107192,0.224095805216909,0.458468096816938,0.999999744496914,0.923181504883883,"1942/5335/7074/5159/51466/112/83660/3674/2263/2254",10
"Metabolism","Xenobiotics biodegradation and metabolism","hsa00980","Metabolism of xenobiotics by cytochrome P450","4/414","79/9399",0.0506329113924051,1.1495138506696,0.286448047515626,0.461725171709674,0.999999744496914,0.923181504883883,"874/10720/2949/1645",4
"Metabolism","Glycan biosynthesis and metabolism","hsa00533","Glycosaminoglycan biosynthesis - keratan sulfate","1/414","14/9399",0.0714285714285714,1.62163561076605,0.49962207055268,0.46799451161318,0.999999744496914,0.923181504883883,"8534",1
"Human Diseases","Infectious disease: viral","hsa05170","Human immunodeficiency virus 1 infection","10/414","214/9399",0.0467289719626168,1.06088310984695,0.19338508878445,0.470380635559142,0.999999744496914,0.923181504883883,"917/4773/1234/2790/596/916/5335/915/919/356",10
"Environmental Information Processing","Signal transduction","hsa04071","Sphingolipid signaling pathway","6/414","125/9399",0.048,1.08973913043478,0.216801442682507,0.474581086019232,0.999999744496914,0.923181504883883,"596/2206/5521/5581/53637/2205",6
"Metabolism","Carbohydrate metabolism","hsa00051","Fructose and mannose metabolism","2/414","36/9399",0.0555555555555556,1.26127214170692,0.337128675379299,0.475065686728559,0.999999744496914,0.923181504883883,"5208/5209",2
"Metabolism","Glycan biosynthesis and metabolism","hsa00512","Mucin type O-glycan biosynthesis","2/414","36/9399",0.0555555555555556,1.26127214170692,0.337128675379299,0.475065686728559,0.999999744496914,0.923181504883883,"256435/51301",2
"Metabolism","Nucleotide metabolism","hsa00240","Pyrimidine metabolism","3/414","59/9399",0.0508474576271186,1.15438467207074,0.255338085364159,0.485099656007768,0.999999744496914,0.923181504883883,"7378/5169/129607",3
"Metabolism","Metabolism of other amino acids","hsa00480","Glutathione metabolism","3/414","59/9399",0.0508474576271186,1.15438467207074,0.255338085364159,0.485099656007768,0.999999744496914,0.923181504883883,"5226/26873/2949",3
"Environmental Information Processing","Signal transduction","hsa04072","Phospholipase D signaling pathway","7/414","149/9399",0.0469798657718121,1.06657912654411,0.175840622011769,0.486027108037916,0.999999744496914,0.923181504883883,"160851/5335/5159/2206/112/8613/2205",7
"Metabolism","Carbohydrate metabolism","hsa00040","Pentose and glucuronate interconversions","2/414","37/9399",0.0540540540540541,1.22718370544458,0.297202578210729,0.489532791190847,0.999999744496914,0.923181504883883,"9365/10720",2
"Human Diseases","Infectious disease: parasitic","hsa05143","African trypanosomiasis","2/414","37/9399",0.0540540540540541,1.22718370544458,0.297202578210729,0.489532791190847,0.999999744496914,0.923181504883883,"356/3620",2
"Human Diseases","Cancer: specific types","hsa05216","Thyroid cancer","2/414","37/9399",0.0540540540540541,1.22718370544458,0.297202578210729,0.489532791190847,0.999999744496914,0.923181504883883,"1647/6932",2
"Metabolism","Xenobiotics biodegradation and metabolism","hsa00983","Drug metabolism - other enzymes","4/414","82/9399",0.0487804878048781,1.10745846588901,0.20978206919526,0.490764859832697,0.999999744496914,0.923181504883883,"7378/4353/10720/2949",4
"Metabolism","Glycan biosynthesis and metabolism","hsa00604","Glycosphingolipid biosynthesis - ganglio series","1/414","15/9399",0.0666666666666667,1.51352657004831,0.427241468581421,0.49146284109556,0.999999744496914,0.923181504883883,"256435",1
"Organismal Systems","Immune system","hsa04613","Neutrophil extracellular trap formation","9/414","195/9399",0.0461538461538462,1.04782608695652,0.144861407311536,0.491739890218821,0.999999744496914,0.923181504883883,"1991/5335/51284/566/1511/4353/3674/820/8348",9
"Environmental Information Processing","Signal transduction","hsa04370","VEGF signaling pathway","3/414","60/9399",0.05,1.13514492753623,0.225415635864209,0.496355606391326,0.999999744496914,0.923181504883883,"4773/5335/9047",3
"Cellular Processes","Transport and catabolism","hsa04146","Peroxisome","4/414","83/9399",0.0481927710843374,1.09411559280601,0.18486076184513,0.500302126666487,0.999999744496914,0.923181504883883,"55825/225/11001/92960",4
"Organismal Systems","Excretory system","hsa04960","Aldosterone-regulated sodium reabsorption","2/414","38/9399",0.0526315789473684,1.19488939740656,0.258391211775854,0.503747410700825,0.999999744496914,0.923181504883883,"478/4306",2
"Organismal Systems","Endocrine system","hsa04926","Relaxin signaling pathway","6/414","130/9399",0.0461538461538462,1.04782608695652,0.117863391691009,0.512944156321025,0.999999744496914,0.923181504883883,"117579/2790/112/4318/1910/1282",6
"Organismal Systems","Endocrine system","hsa04911","Insulin secretion","4/414","86/9399",0.0465116279069767,1.05594876980115,0.111880349929328,0.528432755219254,0.999999744496914,0.923181504883883,"6513/478/112/3778",4
"Metabolism","Metabolism of other amino acids","hsa00430","Taurine and hypotaurine metabolism","1/414","17/9399",0.0588235294117647,1.33546462063086,0.297154506638579,0.535346252634764,0.999999744496914,0.923181504883883,"1036",1
"Organismal Systems","Nervous system","hsa04728","Dopaminergic synapse","6/414","133/9399",0.0451127819548872,1.02419091206277,0.0603101995558855,0.535453721088613,0.999999744496914,0.923181504883883,"4128/2790/5521/4129/6570/84152",6
"Environmental Information Processing","Signal transduction","hsa04066","HIF-1 signaling pathway","5/414","110/9399",0.0454545454545455,1.03194993412385,0.0723503569924331,0.536253432283928,0.999999744496914,0.923181504883883,"6513/8569/596/5335/5209",5
"Human Diseases","Cancer: specific types","hsa05210","Colorectal cancer","4/414","87/9399",0.0459770114942529,1.04381142761952,0.0881220106967044,0.537637922856026,0.999999744496914,0.923181504883883,"1647/596/6932/374",4
"Environmental Information Processing","Signal transduction","hsa04390","Hippo signaling pathway","7/414","157/9399",0.0445859872611465,1.01223114557371,0.0331736172397087,0.54185957436827,0.999999744496914,0.923181504883883,"5521/7005/6932/374/650/10413/7476",7
"Human Diseases","Cancer: specific types","hsa05219","Bladder cancer","2/414","41/9399",0.0487804878048781,1.10745846588901,0.148013011266252,0.544822655872481,0.999999744496914,0.923181504883883,"4318/7380",2
"Human Diseases","Infectious disease: viral","hsa05163","Human cytomegalovirus infection","10/414","227/9399",0.0440528634361234,1.00012768945924,0.000418017827163806,0.54622999719553,0.999999744496914,0.923181504883883,"6347/3554/4773/1234/2790/112/388372/356/1232/9560",10
"Human Diseases","Cancer: overview","hsa05205","Proteoglycans in cancer","9/414","204/9399",0.0441176470588235,1.00159846547315,0.00495451704733579,0.546788159057596,0.999999744496914,0.923181504883883,"5727/5335/7074/2335/4318/356/7078/7476/117581",9
"Human Diseases","Infectious disease: parasitic","hsa05145","Toxoplasmosis","5/414","112/9399",0.0446428571428571,1.01352225672878,0.030901482539872,0.552438813148686,0.999999744496914,0.923181504883883,"1234/596/959/3908/3118",5
"Organismal Systems","Nervous system","hsa04727","GABAergic synapse","4/414","89/9399",0.0449438202247191,1.0203549910438,0.0414142621888439,0.555772407141507,0.999999744496914,0.923181504883883,"2790/112/2570/5334",4
"Metabolism","Lipid metabolism","hsa00061","Fatty acid biosynthesis","1/414","18/9399",0.0555555555555556,1.26127214170692,0.238157158517047,0.555850052614428,0.999999744496914,0.923181504883883,"55301",1
"Organismal Systems","Digestive system","hsa04980","Cobalamin transport and metabolism","1/414","18/9399",0.0555555555555556,1.26127214170692,0.238157158517047,0.555850052614428,0.999999744496914,0.923181504883883,"6947",1
"Human Diseases","Substance dependence","hsa05032","Morphine addiction","4/414","91/9399",0.043956043956044,0.997929606625259,-0.00425994731788906,0.573521323537129,0.999999744496914,0.923181504883883,"2790/5138/112/2570",4
"Cellular Processes","Cell motility","hsa04810","Regulation of actin cytoskeleton","10/414","232/9399",0.0431034482758621,0.978573213393303,-0.0709326640856402,0.574350738469184,0.999999744496914,0.923181504883883,"7074/5159/2335/3680/3679/3674/2263/128239/2254/732",10
"Organismal Systems","Endocrine system","hsa04928","Parathyroid hormone synthesis, secretion and action","5/414","115/9399",0.0434782608695652,0.98708254568368,-0.0299169378181865,0.576190214727492,0.999999744496914,0.923181504883883,"596/2625/112/9365/6559",5
"Organismal Systems","Excretory system","hsa04962","Vasopressin-regulated water reabsorption","2/414","44/9399",0.0454545454545455,1.03194993412385,0.0455966839604369,0.583470598319267,0.999999744496914,0.923181504883883,"112/1780",2
"Metabolism","Lipid metabolism","hsa00100","Steroid biosynthesis","1/414","20/9399",0.05,1.13514492753623,0.129865959865649,0.594189252283527,0.999999744496914,0.923181504883883,"8435",1
"Organismal Systems","Development and regeneration","hsa04380","Osteoclast differentiation","6/414","142/9399",0.0422535211267606,0.959277403551745,-0.104955052709437,0.600106558331851,0.999999744496914,0.923181504883883,"3554/4773/3932/814/55423/23547",6
"Organismal Systems","Endocrine system","hsa04920","Adipocytokine signaling pathway","3/414","70/9399",0.0428571428571429,0.972981366459627,-0.0487027746977023,0.601396438780966,0.999999744496914,0.923181504883883,"6513/8660/10891",3
"Human Diseases","Cancer: overview","hsa05204","Chemical carcinogenesis - DNA adducts","3/414","70/9399",0.0428571428571429,0.972981366459627,-0.0487027746977023,0.601396438780966,0.999999744496914,0.923181504883883,"10720/2949/445329",3
"Human Diseases","Immune disease","hsa05323","Rheumatoid arthritis","4/414","95/9399",0.0421052631578947,0.955911517925248,-0.0927066629741872,0.607790231446175,0.999999744496914,0.923181504883883,"6347/940/6364/3118",4
"Human Diseases","Substance dependence","hsa05034","Alcoholism","8/414","191/9399",0.0418848167539267,0.95090674558009,-0.147134562143433,0.60914536090684,0.999999744496914,0.923181504883883,"4128/2790/814/3177/4129/8348/6570/84152",8
"Human Diseases","Endocrine and metabolic disease","hsa04930","Type II diabetes mellitus","2/414","47/9399",0.0425531914893617,0.966080789392538,-0.0500381525214173,0.619647279073221,0.999999744496914,0.923181504883883,"8660/5581",2
"Organismal Systems","Immune system","hsa04622","RIG-I-like receptor signaling pathway","3/414","72/9399",0.0416666666666667,0.945954106280193,-0.0988136207009576,0.620600267650816,0.999999744496914,0.923181504883883,"64135/9636/3627",3
"Environmental Information Processing","Signal transduction","hsa04152","AMPK signaling pathway","5/414","122/9399",0.040983606557377,0.930446661914944,-0.165978931788406,0.628901989070498,0.999999744496914,0.923181504883883,"5208/8660/5521/5209/10891",5
"Human Diseases","Cancer: specific types","hsa05218","Melanoma","3/414","73/9399",0.0410958904109589,0.932995830851697,-0.123360011442791,0.62996349044207,0.999999744496914,0.923181504883883,"1647/5159/2254",3
"Metabolism","Amino acid metabolism","hsa00280","Valine, leucine and isoleucine degradation","2/414","48/9399",0.0416666666666667,0.945954106280193,-0.0805773802196622,0.631156815149073,0.999999744496914,0.923181504883883,"586/259307",2
"Environmental Information Processing","Signal transduction","hsa04070","Phosphatidylinositol signaling system","4/414","98/9399",0.0408163265306122,0.92664892043774,-0.156680004698968,0.632360278342255,0.999999744496914,0.923181504883883,"80271/160851/5335/8821",4
"Organismal Systems","Immune system","hsa04666","Fc gamma R-mediated phagosome formation","4/414","98/9399",0.0408163265306122,0.92664892043774,-0.156680004698968,0.632360278342255,0.999999744496914,0.923181504883883,"273/5335/5581/8613",4
"Human Diseases","Infectious disease: viral","hsa05167","Kaposi sarcoma-associated herpesvirus infection","8/414","196/9399",0.0408163265306122,0.92664892043774,-0.222755627720501,0.638265787845946,0.999999744496914,0.923181504883883,"7098/4773/1234/2790/5335/6932/1232/1237",8
"Human Diseases","Cancer: specific types","hsa05224","Breast cancer","6/414","148/9399",0.0405405405405405,0.920387779083431,-0.209543940620176,0.64040809370224,0.999999744496914,0.923181504883883,"1647/122011/6932/28514/2254/7476",6
"Metabolism","Amino acid metabolism","hsa00220","Arginine biosynthesis","1/414","23/9399",0.0434782608695652,0.98708254568368,-0.0133134589381952,0.645596173060272,0.999999744496914,0.923181504883883,"383",1
"Metabolism","Glycan biosynthesis and metabolism","hsa00515","Mannose type O-glycan biosynthesis","1/414","23/9399",0.0434782608695652,0.98708254568368,-0.0133134589381952,0.645596173060272,0.999999744496914,0.923181504883883,"27087",1
"Metabolism","Global and overview maps","hsa01230","Biosynthesis of amino acids","3/414","75/9399",0.04,0.908115942028985,-0.171485939300611,0.648207667145813,0.999999744496914,0.923181504883883,"383/586/875",3
"Human Diseases","Drug resistance: antineoplastic","hsa01524","Platinum drug resistance","3/414","75/9399",0.04,0.908115942028985,-0.171485939300611,0.648207667145813,0.999999744496914,0.923181504883883,"596/356/2949",3
"Cellular Processes","Cell growth and death","hsa04115","p53 signaling pathway","3/414","75/9399",0.04,0.908115942028985,-0.171485939300611,0.648207667145813,0.999999744496914,0.923181504883883,"1647/596/3486",3
"Organismal Systems","Endocrine system","hsa04916","Melanogenesis","4/414","101/9399",0.0396039603960396,0.899124695078203,-0.218781011880233,0.655920863485465,0.999999744496914,0.923181504883883,"112/6932/1910/7476",4
"Organismal Systems","Digestive system","hsa04971","Gastric acid secretion","3/414","76/9399",0.0394736842105263,0.89616704805492,-0.195084607992231,0.657087378782343,0.999999744496914,0.923181504883883,"3274/478/112",3
"Metabolism","Glycan biosynthesis and metabolism","hsa00534","Glycosaminoglycan biosynthesis - heparan sulfate / heparin","1/414","24/9399",0.0416666666666667,0.945954106280193,-0.0569038349090119,0.661244976852192,0.999999744496914,0.923181504883883,"9953",1
"Organismal Systems","Digestive system","hsa04972","Pancreatic secretion","4/414","102/9399",0.0392156862745098,0.890309747087241,-0.23908677746866,0.663545781271258,0.999999744496914,0.923181504883883,"478/112/3778/8671",4
"Metabolism","Lipid metabolism","hsa00565","Ether lipid metabolism","2/414","51/9399",0.0392156862745098,0.890309747087241,-0.168598079863574,0.664054390596236,0.999999744496914,0.923181504883883,"8613/122618",2
"Human Diseases","Infectious disease: bacterial","hsa05110","Vibrio cholerae infection","2/414","51/9399",0.0392156862745098,0.890309747087241,-0.168598079863574,0.664054390596236,0.999999744496914,0.923181504883883,"55176/5335",2
"Metabolism","Carbohydrate metabolism","hsa00562","Inositol phosphate metabolism","3/414","78/9399",0.0384615384615385,0.873188405797101,-0.241398106837675,0.67436057714546,0.999999744496914,0.923181504883883,"80271/5335/8821",3
"Organismal Systems","Endocrine system","hsa04913","Ovarian steroidogenesis","2/414","52/9399",0.0384615384615385,0.873188405797101,-0.196826406224877,0.674483346015054,0.999999744496914,0.923181504883883,"112/1588",2
"Organismal Systems","Endocrine system","hsa04921","Oxytocin signaling pathway","6/414","154/9399",0.038961038961039,0.884528514963298,-0.310127661225553,0.678198858380079,0.999999744496914,0.923181504883883,"9254/4773/112/814/6261/59285",6
"Metabolism","Lipid metabolism","hsa00564","Glycerophospholipid metabolism","4/414","104/9399",0.0384615384615385,0.873188405797101,-0.27913210137148,0.678448974092815,0.999999744496914,0.923181504883883,"160851/8613/122618/81544",4
"Organismal Systems","Nervous system","hsa04721","Synaptic vesicle cycle","3/414","79/9399",0.0379746835443038,0.862135388002201,-0.264129702709194,0.68275407999161,0.999999744496914,0.923181504883883,"6507/6536/6570",3
"Metabolism","Lipid metabolism","hsa01040","Biosynthesis of unsaturated fatty acids","1/414","27/9399",0.037037037037037,0.840848094471283,-0.177760979682595,0.704174964892379,0.999999744496914,0.923181504883883,"6785",1
"Metabolism","Lipid metabolism","hsa00062","Fatty acid elongation","1/414","28/9399",0.0357142857142857,0.810817805383023,-0.215191521453327,0.717242780143612,0.999999744496914,0.923181504883883,"6785",1
"Metabolism","Metabolism of cofactors and vitamins","hsa00790","Folate biosynthesis","1/414","28/9399",0.0357142857142857,0.810817805383023,-0.215191521453327,0.717242780143612,0.999999744496914,0.923181504883883,"249",1
"Organismal Systems","Sensory system","hsa04744","Phototransduction","1/414","29/9399",0.0344827586206897,0.782858570714643,-0.251380013855908,0.729734668844982,0.999999744496914,0.923181504883883,"5957",1
"Human Diseases","Infectious disease: viral","hsa05161","Hepatitis B","6/414","163/9399",0.0368098159509202,0.835689517204588,-0.454230154616626,0.729894817815457,0.999999744496914,0.923181504883883,"7098/4773/596/4318/356/64135",6
"Organismal Systems","Sensory system","hsa04742","Taste transduction","3/414","86/9399",0.0348837209302326,0.791961577350859,-0.41601292767396,0.737016030648088,0.999999744496914,0.923181504883883,"112/259286/8645",3
"Organismal Systems","Endocrine system","hsa04915","Estrogen signaling pathway","5/414","139/9399",0.0359712230215827,0.816651027004483,-0.467454385595028,0.739162659295783,0.999999744496914,0.923181504883883,"2289/596/112/4318/2852",5
"Human Diseases","Cancer: specific types","hsa05213","Endometrial cancer","2/414","59/9399",0.0338983050847458,0.769589781380496,-0.381077365269024,0.740270958392308,0.999999744496914,0.923181504883883,"1647/6932",2
"Human Diseases","Cardiovascular disease","hsa05417","Lipid and atherosclerosis","8/414","216/9399",0.037037037037037,0.840848094471283,-0.507931651374851,0.74166915680128,0.999999744496914,0.923181504883883,"6347/4773/596/5335/959/4318/356/4973",8
"Metabolism","Lipid metabolism","hsa00591","Linoleic acid metabolism","1/414","30/9399",0.0333333333333333,0.756763285024155,-0.286419107751956,0.7416759545545,0.999999744496914,0.923181504883883,"246",1
"Human Diseases","Drug resistance: antineoplastic","hsa01523","Antifolate resistance","1/414","30/9399",0.0333333333333333,0.756763285024155,-0.286419107751956,0.7416759545545,0.999999744496914,0.923181504883883,"2352",1
"Organismal Systems","Nervous system","hsa04725","Cholinergic synapse","4/414","115/9399",0.0347826086956522,0.789666036546944,-0.487135309449302,0.752108122016896,0.999999744496914,0.923181504883883,"2790/596/112/814",4
"Metabolism","Carbohydrate metabolism","hsa00030","Pentose phosphate pathway","1/414","31/9399",0.032258064516129,0.732351566152408,-0.320391482879292,0.753090849934416,0.999999744496914,0.923181504883883,"5226",1
"Metabolism","Metabolism of other amino acids","hsa00410","beta-Alanine metabolism","1/414","31/9399",0.032258064516129,0.732351566152408,-0.320391482879292,0.753090849934416,0.999999744496914,0.923181504883883,"57571",1
"Genetic Information Processing","Folding, sorting and degradation","hsa03060","Protein export","1/414","31/9399",0.032258064516129,0.732351566152408,-0.320391482879292,0.753090849934416,0.999999744496914,0.923181504883883,"55176",1
NA,NA,"hsa04981","Folate transport and metabolism","1/414","31/9399",0.032258064516129,0.732351566152408,-0.320391482879292,0.753090849934416,0.999999744496914,0.923181504883883,"2352",1
NA,NA,"hsa04081","Hormone signaling","8/414","219/9399",0.0365296803652968,0.829329627423731,-0.548551874630267,0.755261338301417,0.999999744496914,0.923181504883883,"8660/2790/112/5618/9630/2852/153/5617",8
"Organismal Systems","Digestive system","hsa04978","Mineral absorption","2/414","61/9399",0.0327868852459016,0.744357329531955,-0.42996210306198,0.756857920197475,0.999999744496914,0.923181504883883,"6546/478",2
"Cellular Processes","Cellular community - eukaryotes","hsa04540","Gap junction","3/414","89/9399",0.0337078651685393,0.765266243282853,-0.477589271561746,0.75791705733273,0.999999744496914,0.923181504883883,"5159/112/153",3
"Metabolism","Carbohydrate metabolism","hsa00052","Galactose metabolism","1/414","32/9399",0.03125,0.709465579710145,-0.353371215924426,0.764002505370705,0.999999744496914,0.923181504883883,"8972",1
"Cellular Processes","Transport and catabolism","hsa04136","Autophagy - other","1/414","32/9399",0.03125,0.709465579710145,-0.353371215924426,0.764002505370705,0.999999744496914,0.923181504883883,"285973",1
"Organismal Systems","Aging","hsa04213","Longevity regulating pathway - multiple species","2/414","62/9399",0.032258064516129,0.732351566152408,-0.453853534493759,0.764803528164944,0.999999744496914,0.923181504883883,"8660/112",2
"Human Diseases","Cancer: specific types","hsa05225","Hepatocellular carcinoma","6/414","170/9399",0.0352941176470588,0.801278772378517,-0.561242110755843,0.765872333004219,0.999999744496914,0.923181504883883,"1647/5335/122011/6932/7476/2949",6
"Environmental Information Processing","Signal transduction","hsa04330","Notch signaling pathway","2/414","63/9399",0.0317460317460317,0.720726938118242,-0.477394872300795,0.772523040292438,0.999999744496914,0.923181504883883,"7089/28514",2
"Metabolism","Global and overview maps","hsa01210","2-Oxocarboxylic acid metabolism","1/414","33/9399",0.0303030303030303,0.687966622749231,-0.385424923649571,0.774433055469619,0.999999744496914,0.923181504883883,"586",1
"Cellular Processes","Transport and catabolism","hsa04142","Lysosome biogenesis","9/414","250/9399",0.036,0.817304347826087,-0.628449308599495,0.77863389844413,0.999999744496914,0.923181504883883,"114876/7098/6556/6272/51284/1511/8120/3177/1510",9
"Cellular Processes","Cellular community - eukaryotes","hsa04520","Adherens junction","3/414","93/9399",0.032258064516129,0.732351566152408,-0.556779846330304,0.783678627728555,0.999999744496914,0.923181504883883,"57493/25945/6932",3
"Environmental Information Processing","Signal transduction","hsa04024","cAMP signaling pathway","8/414","226/9399",0.0353982300884956,0.803642426574323,-0.641364665020789,0.784996505368931,0.999999744496914,0.923181504883883,"5727/7074/478/112/814/153/3362/84152",8
"Organismal Systems","Endocrine system","hsa04927","Cortisol synthesis and secretion","2/414","65/9399",0.0307692307692308,0.698550724637681,-0.523474914276744,0.787301606992902,0.999999744496914,0.923181504883883,"112/3164",2
"Organismal Systems","Endocrine system","hsa04935","Growth hormone synthesis, secretion and action","4/414","122/9399",0.0327868852459016,0.744357329531955,-0.610054075505806,0.791804935684999,0.999999744496914,0.923181504883883,"8660/5335/112/3486",4
"Metabolism","Amino acid metabolism","hsa00250","Alanine, aspartate and glutamate metabolism","1/414","37/9399",0.027027027027027,0.613591852722288,-0.505500592077387,0.81175377872695,0.999999744496914,0.923181504883883,"259307",1
"Organismal Systems","Immune system","hsa04611","Platelet activation","4/414","126/9399",0.0317460317460317,0.720726938118242,-0.677427837945611,0.81210673562244,0.999999744496914,0.923181504883883,"10125/112/83660/3674",4
"Metabolism","Carbohydrate metabolism","hsa00520","Amino sugar and nucleotide sugar metabolism","1/414","38/9399",0.0263157894736842,0.59744469870328,-0.533721964832513,0.820078275160088,0.999999744496914,0.923181504883883,"1118",1
"Organismal Systems","Endocrine system","hsa04917","Prolactin signaling pathway","2/414","71/9399",0.028169014084507,0.639518269034497,-0.654450819130073,0.826680180278293,0.999999744496914,0.923181504883883,"5618/5617",2
"Metabolism","Metabolism of cofactors and vitamins","hsa00670","One carbon pool by folate","1/414","39/9399",0.0256410256410256,0.582125603864734,-0.561305104019897,0.828035501320084,0.999999744496914,0.923181504883883,"875",1
"Genetic Information Processing","Information processing in viruses","hsa03250","Viral life cycle - HIV-1","2/414","73/9399",0.0273972602739726,0.621997220567798,-0.695933220109846,0.838275352073199,0.999999744496914,0.923181504883883,"1234/4599",2
"Human Diseases","Cancer: specific types","hsa05223","Non-small cell lung cancer","2/414","73/9399",0.0273972602739726,0.621997220567798,-0.695933220109846,0.838275352073199,0.999999744496914,0.923181504883883,"1647/5335",2
"Human Diseases","Substance dependence","hsa05033","Nicotine addiction","1/414","41/9399",0.024390243902439,0.553729232944503,-0.61469219316988,0.842912097564696,0.999999744496914,0.923181504883883,"2570",1
"Environmental Information Processing","Signal transduction","hsa04068","FoxO signaling pathway","4/414","133/9399",0.0300751879699248,0.682793941375177,-0.790824283365685,0.843726498885441,0.999999744496914,0.923181504883883,"1647/8660/604/356",4
"Organismal Systems","Immune system","hsa04625","C-type lectin receptor signaling pathway","3/414","105/9399",0.0285714285714286,0.648654244306418,-0.777117836783661,0.847659587441786,0.999999744496914,0.923181504883883,"4773/26253/338339",3
"Organismal Systems","Endocrine system","hsa04918","Thyroid hormone synthesis","2/414","75/9399",0.0266666666666667,0.605410628019324,-0.736433833968133,0.849165024667674,0.999999744496914,0.923181504883883,"478/112",2
"Cellular Processes","Cell growth and death","hsa04216","Ferroptosis","1/414","42/9399",0.0238095238095238,0.540545203588682,-0.640557278413705,0.849861701284317,0.999999744496914,0.923181504883883,"246",1
"Organismal Systems","Endocrine system","hsa04922","Glucagon signaling pathway","3/414","107/9399",0.0280373831775701,0.636529865908167,-0.811642667752606,0.856558925257126,0.999999744496914,0.923181504883883,"6513/5836/10891",3
"Cellular Processes","Cell growth and death","hsa04210","Apoptosis","4/414","137/9399",0.0291970802919708,0.662858351845975,-0.853255607335268,0.859703292285989,0.999999744496914,0.923181504883883,"1647/596/356/8739",4
"Organismal Systems","Endocrine system","hsa04910","Insulin signaling pathway","4/414","138/9399",0.0289855072463768,0.658055030455787,-0.868611690894457,0.863473412033716,0.999999744496914,0.923181504883883,"8660/8569/5836/10891",4
"Genetic Information Processing","Folding, sorting and degradation","hsa03018","RNA degradation","2/414","78/9399",0.0256410256410256,0.582125603864734,-0.795464237769862,0.86425339274973,0.999999744496914,0.923181504883883,"131870/10140",2
"Human Diseases","Infectious disease: bacterial","hsa05100","Bacterial invasion of epithelial cells","2/414","78/9399",0.0256410256410256,0.582125603864734,-0.795464237769862,0.86425339274973,0.999999744496914,0.923181504883883,"23176/2335",2
"Human Diseases","Infectious disease: bacterial","hsa05133","Pertussis","2/414","78/9399",0.0256410256410256,0.582125603864734,-0.795464237769862,0.86425339274973,0.999999744496914,0.923181504883883,"717/722",2
"Human Diseases","Infectious disease: parasitic","hsa05140","Leishmaniasis","2/414","78/9399",0.0256410256410256,0.582125603864734,-0.795464237769862,0.86425339274973,0.999999744496914,0.923181504883883,"3565/3118",2
"Cellular Processes","Cell growth and death","hsa04217","Necroptosis","5/414","168/9399",0.0297619047619048,0.675681504485852,-0.910459920193068,0.86855971848107,0.999999744496914,0.923181504883883,"7098/5836/596/356/246",5
"Metabolism","Metabolism of cofactors and vitamins","hsa00860","Porphyrin metabolism","1/414","46/9399",0.0217391304347826,0.49354127284184,-0.739105370600376,0.874724830128951,0.999999744496914,0.923181504883883,"10720",1
"Cellular Processes","Cellular community - eukaryotes","hsa04530","Tight junction","5/414","170/9399",0.0294117647058824,0.667732310315431,-0.938413181754996,0.875051377808995,0.999999744496914,0.923181504883883,"5872/7074/5521/5581/54566",5
"Human Diseases","Endocrine and metabolic disease","hsa04936","Alcoholic liver disease","4/414","144/9399",0.0277777777777778,0.630636070853462,-0.958752183647111,0.884319857482803,0.999999744496914,0.923181504883883,"356/6932/717/10891",4
NA,NA,"hsa03272","Virion - Hepatitis viruses","1/414","48/9399",0.0208333333333333,0.472977053140097,-0.785741995382237,0.885570274689428,0.999999744496914,0.923181504883883,"4072",1
"Organismal Systems","Immune system","hsa04670","Leukocyte transendothelial migration","3/414","116/9399",0.0258620689655172,0.587143928035982,-0.960378316170656,0.891203165814459,0.999999744496914,0.923181504883883,"5335/3702/4318",3
"Organismal Systems","Nervous system","hsa04724","Glutamatergic synapse","3/414","116/9399",0.0258620689655172,0.587143928035982,-0.960378316170656,0.891203165814459,0.999999744496914,0.923181504883883,"2790/112/6507",3
"Environmental Information Processing","Signal transduction","hsa04012","ErbB signaling pathway","2/414","86/9399",0.0232558139534884,0.527974384900573,-0.943906205277248,0.897973755844644,0.999999744496914,0.923181504883883,"5335/374",2
"Organismal Systems","Nervous system","hsa04723","Retrograde endocannabinoid signaling","4/414","149/9399",0.0268456375838926,0.609473786596635,-1.03140993042695,0.899523456802729,0.999999744496914,0.923181504883883,"2790/112/2570/100532726",4
"Human Diseases","Infectious disease: bacterial","hsa05152","Tuberculosis","5/414","181/9399",0.0276243093922652,0.627151893666426,-1.08720571691677,0.906084401954086,0.999999744496914,0.923181504883883,"596/26253/4360/820/3118",5
"Organismal Systems","Immune system","hsa04662","B cell receptor signaling pathway","2/414","91/9399",0.021978021978022,0.498964803312629,-1.03090725092916,0.914907724763615,0.999999744496914,0.923181504883883,"4773/23547",2
"Human Diseases","Endocrine and metabolic disease","hsa04934","Cushing syndrome","4/414","155/9399",0.0258064516129032,0.585881252921926,-1.11588546895068,0.915425838598423,0.999999744496914,0.923181504883883,"112/6932/3164/7476",4
"Environmental Information Processing","Signal transduction","hsa04150","mTOR signaling pathway","4/414","158/9399",0.0253164556962025,0.574756925334801,-1.15708471902167,0.922504026163902,0.999999744496914,0.923181504883883,"2887/79899/54541/7476",4
"Metabolism","Global and overview maps","hsa01212","Fatty acid metabolism","1/414","57/9399",0.0175438596491228,0.398296465802187,-0.978045161545528,0.923885979485558,0.999999744496914,0.923181504883883,"6785",1
"Cellular Processes","Transport and catabolism","hsa04144","Endocytosis","7/414","250/9399",0.028,0.63568115942029,-1.25320948116564,0.929061517545064,0.999999744496914,0.923181504883883,"64744/273/1234/3560/116987/2263/2352",7
"Organismal Systems","Nervous system","hsa04730","Long-term depression","1/414","60/9399",0.0166666666666667,0.378381642512077,-1.0368313474469,0.933564355795202,0.999999744496914,0.923181504883883,"6261",1
"Organismal Systems","Circulatory system","hsa04270","Vascular smooth muscle contraction","3/414","134/9399",0.0223880597014925,0.508273848150552,-1.23058564272829,0.93890781768074,0.999999744496914,0.923181504883883,"112/5581/3778",3
"Cellular Processes","Transport and catabolism","hsa04140","Autophagy - animal","4/414","169/9399",0.0236686390532544,0.537346711259755,-1.30273777272338,0.944130228252189,0.999999744496914,0.923181504883883,"8660/596/54541/285973",4
"Genetic Information Processing","Translation","hsa03015","mRNA surveillance pathway","2/414","103/9399",0.0194174757281553,0.440832981567469,-1.22481628581789,0.94540623358463,0.999999744496914,0.923181504883883,"5521/56000",2
"Organismal Systems","Endocrine system","hsa04929","GnRH secretion","1/414","65/9399",0.0153846153846154,0.349275362318841,-1.13000113706855,0.947043555468273,0.999999744496914,0.923181504883883,"2852",1
"Human Diseases","Cancer: overview","hsa05206","MicroRNAs in cancer","9/414","323/9399",0.0278637770897833,0.632588504509355,-1.44233322557955,0.95116094443403,0.999999744496914,0.923181504883883,"8660/1942/596/5335/5159/54541/4318/5581/7078",9
"Human Diseases","Cardiovascular disease","hsa05415","Diabetic cardiomyopathy","5/414","205/9399",0.024390243902439,0.553729232944503,-1.38669825912625,0.951454261724818,0.999999744496914,0.923181504883883,"6513/4318/9882/1636/100532726",5
"Organismal Systems","Nervous system","hsa04720","Long-term potentiation","1/414","67/9399",0.0149253731343284,0.338849232100368,-1.16576065387791,0.9516372736853,0.999999744496914,0.923181504883883,"814",1
"Metabolism","Metabolism of cofactors and vitamins","hsa00830","Retinol metabolism","1/414","68/9399",0.0147058823529412,0.333866155157715,-1.18334317857217,0.953782812550955,0.999999744496914,0.923181504883883,"10720",1
"Human Diseases","Cancer: specific types","hsa05211","Renal cell carcinoma","1/414","70/9399",0.0142857142857143,0.324327122153209,-1.21794256878124,0.957793192247675,0.999999744496914,0.923181504883883,"6513",1
"Human Diseases","Infectious disease: bacterial","hsa05120","Epithelial cell signaling in Helicobacter pylori infection","1/414","71/9399",0.0140845070422535,0.319759134517248,-1.23497018955321,0.959666235275809,0.999999744496914,0.923181504883883,"5335",1
"Human Diseases","Cancer: specific types","hsa05212","Pancreatic cancer","1/414","77/9399",0.012987012987013,0.294842838321099,-1.33363070048508,0.969285682699344,0.999999744496914,0.923181504883883,"1647",1
"Human Diseases","Cancer: specific types","hsa05220","Chronic myeloid leukemia","1/414","77/9399",0.012987012987013,0.294842838321099,-1.33363070048508,0.969285682699344,0.999999744496914,0.923181504883883,"1647",1
"Human Diseases","Infectious disease: bacterial","hsa05131","Shigellosis","6/414","253/9399",0.0237154150197628,0.538408661282007,-1.59757466018331,0.969987412443328,0.999999744496914,0.923181504883883,"23176/3554/596/5335/5581/83660",6
"Cellular Processes","Cell growth and death","hsa04218","Cellular senescence","3/414","157/9399",0.0191082802547771,0.433813348103019,-1.53562551954531,0.971885234688363,0.999999744496914,0.923181504883883,"1647/4773/3486",3
"Human Diseases","Endocrine and metabolic disease","hsa04932","Non-alcoholic fatty liver disease","3/414","157/9399",0.0191082802547771,0.433813348103019,-1.53562551954531,0.971885234688363,0.999999744496914,0.923181504883883,"8660/356/100532726",3
"Human Diseases","Cancer: overview","hsa05208","Chemical carcinogenesis - reactive oxygen species","5/414","227/9399",0.0220264317180617,0.500063844729618,-1.6366442978031,0.974492310095062,0.999999744496914,0.923181504883883,"253152/2949/100532726/1645/4025",5
"Genetic Information Processing","Chromosome","hsa03083","Polycomb repressive complex","1/414","83/9399",0.0120481927710843,0.273528898201502,-1.42692615891774,0.976615125999334,0.999999744496914,0.923181504883883,"1912",1
"Human Diseases","Infectious disease: bacterial","hsa05130","Pathogenic Escherichia coli infection","4/414","200/9399",0.02,0.454057971014493,-1.67513598453266,0.978863724289873,0.999999744496914,0.923181504883883,"4430/3554/4646/356",4
"Human Diseases","Neurodegenerative disease","hsa05012","Parkinson disease","6/414","268/9399",0.0223880597014925,0.508273848150552,-1.7530341728964,0.980424503108939,0.999999744496914,0.923181504883883,"4128/5335/4129/100532726/7345/6570",6
"Human Diseases","Cancer: overview","hsa05203","Viral carcinogenesis","4/414","205/9399",0.0195121951219512,0.442983386355603,-1.73081910236131,0.98203974477788,0.999999744496914,0.923181504883883,"1234/1232/1237/8348",4
"Genetic Information Processing","Folding, sorting and degradation","hsa04141","Protein processing in endoplasmic reticulum","3/414","175/9399",0.0171428571428571,0.389192546583851,-1.75074363177813,0.985055281471955,0.999999744496914,0.923181504883883,"55432/55176/596",3
"Organismal Systems","Endocrine system","hsa04912","GnRH signaling pathway","1/414","93/9399",0.010752688172043,0.244117188717469,-1.5724370565503,0.985160526065599,0.999999744496914,0.923181504883883,"112",1
"Genetic Information Processing","Folding, sorting and degradation","hsa04120","Ubiquitin mediated proteolysis","2/414","142/9399",0.0140845070422535,0.319759134517248,-1.7531965571639,0.987867744733872,0.999999744496914,0.923181504883883,"9063/326",2
"Human Diseases","Neurodegenerative disease","hsa05017","Spinocerebellar ataxia","2/414","144/9399",0.0138888888888889,0.315318035426731,-1.77721828483687,0.988790963967279,0.999999744496914,0.923181504883883,"6095/6261",2
"Human Diseases","Neurodegenerative disease","hsa05022","Pathways of neurodegeneration - multiple diseases","12/414","480/9399",0.025,0.567572463768116,-2.08753962650745,0.990808420093938,0.999999744496914,0.923181504883883,"596/5335/122011/6261/356/8851/196385/1768/64446/7476/100532726/7345",12
"Cellular Processes","Transport and catabolism","hsa04137","Mitophagy - animal","1/414","105/9399",0.00952380952380952,0.216218081435473,-1.73359404288981,0.991407652187732,0.999999744496914,0.923181504883883,"285973",1
"Genetic Information Processing","Translation","hsa03013","Nucleocytoplasmic transport","1/414","108/9399",0.00925925925925926,0.210212023617821,-1.7719440948575,0.992505611464702,0.999999744496914,0.923181504883883,"56000",1
"Organismal Systems","Endocrine system","hsa04914","Progesterone-mediated oocyte maturation","1/414","110/9399",0.00909090909090909,0.206389986824769,-1.79712319729452,0.993158654178001,0.999999744496914,0.923181504883883,"112",1
"Human Diseases","Neurodegenerative disease","hsa05016","Huntington disease","6/414","308/9399",0.0194805194805195,0.442264257481649,-2.13627351729834,0.994120435291503,0.999999744496914,0.923181504883883,"196385/1768/64446/6507/10891/100532726",6
"Metabolism","Global and overview maps","hsa01200","Carbon metabolism","1/414","116/9399",0.00862068965517241,0.195714642678661,-1.8709140294594,0.994796384369366,0.999999744496914,0.923181504883883,"5226",1
"Human Diseases","Infectious disease: bacterial","hsa05132","Salmonella infection","4/414","248/9399",0.0161290322580645,0.366175783076204,-2.17129704569038,0.995817507556461,0.999999744496914,0.923181504883883,"596/4646/6932/1780",4
"Genetic Information Processing","Translation","hsa03008","Ribosome biogenesis in eukaryotes","2/414","183/9399",0.0109289617486339,0.248119109843985,-2.20476450724653,0.99767461240776,0.999999744496914,0.923181504883883,"100008589/56000",2
"Metabolism","Energy metabolism","hsa00190","Oxidative phosphorylation","1/414","138/9399",0.0072463768115942,0.164513757613947,-2.12230967656967,0.998094983942129,0.999999744496914,0.923181504883883,"100532726",1
"Cellular Processes","Cell growth and death","hsa04114","Oocyte meiosis","1/414","138/9399",0.0072463768115942,0.164513757613947,-2.12230967656967,0.998094983942129,0.999999744496914,0.923181504883883,"112",1
"Organismal Systems","Environmental adaptation","hsa04714","Thermogenesis","3/414","235/9399",0.0127659574468085,0.289824236817761,-2.36655219669379,0.998380834966949,0.999999744496914,0.923181504883883,"112/10891/100532726",3
"Human Diseases","Neurodegenerative disease","hsa05014","Amyotrophic lateral sclerosis","6/414","368/9399",0.016304347826087,0.37015595463138,-2.6457442820834,0.999160305085971,0.999999744496914,0.923181504883883,"596/196385/56000/1768/64446/100532726",6
"Cellular Processes","Cell growth and death","hsa04110","Cell cycle","1/414","158/9399",0.00632911392405063,0.1436892313337,-2.33001820414728,0.999237492794695,0.999999744496914,0.923181504883883,"1647",1
"Human Diseases","Neurodegenerative disease","hsa05010","Alzheimer disease","6/414","388/9399",0.0154639175257732,0.351075750784402,-2.80209091121001,0.999574649664353,0.999999744496914,0.923181504883883,"8660/122011/4023/8851/7476/100532726",6
"Human Diseases","Neurodegenerative disease","hsa05020","Prion disease","3/414","275/9399",0.0109090909090909,0.247667984189723,-2.71795400219141,0.999658337266544,0.999999744496914,0.923181504883883,"6261/732/100532726",3
"Genetic Information Processing","Translation","hsa03010","Ribosome","1/414","223/9399",0.00448430493273543,0.101806719958406,-2.91376405058139,0.99996165070273,0.999999744496914,0.923181504883883,"100008589",1
"Organismal Systems","Sensory system","hsa04740","Olfactory transduction","3/414","449/9399",0.0066815144766147,0.151689745327782,-3.95389580113334,0.999999744496914,0.999999744496914,0.923181504883883,"5138/83988/6546",3
